variable,role,label,labelLong,section,subject,variableType,units,databaseStart,variableStart,description
ADL_01,"intermediate, outcome_sec, table1_master",Help preparing meals,Needs help - preparing meals,Health status,ADL,Categorical,N/A,"cchs2001_p, cchs2003_p, cchs2005_p, cchs2007_2008_p, cchs2009_2010_p, cchs2011_2012_p, cchs2013_2014_p","cchs2001_p::RACA_6A, cchs2003_p::RACC_6A, cchs2005_p::RACE_6A, cchs2007_2008_p::RAC_6A, [ADL_01]",
ADL_02,"intermediate, outcome_sec, table1_master",Help appointments/errands,Needs help - getting to appointments/errands,Health status,ADL,Categorical,N/A,"cchs2001_p, cchs2003_p, cchs2005_p, cchs2007_2008_p, cchs2009_2010_p, cchs2011_2012_p, cchs2013_2014_p","cchs2001_p::RACA_6B, cchs2003_p::RACC_6B1, cchs2005_p::RACE_6B1, cchs2007_2008_p::RAC_6B1, [ADL_02]",
ADL_03,"intermediate, outcome_sec, table1_master",Help housework,Needs help - doing housework,Health status,ADL,Categorical,N/A,"cchs2001_p, cchs2003_p, cchs2005_p, cchs2007_2008_p, cchs2009_2010_p, cchs2011_2012_p, cchs2013_2014_p","cchs2001_p::RACA_6C, cchs2003_p::RACC_6C, cchs2005_p::RACE_6C, cchs2007_2008_p::RAC_6C, [ADL_03]",
ADL_04,"intermediate, outcome_sec, table1_master",Help personal care,Needs help - personal care,Health status,ADL,Categorical,N/A,"cchs2001_p, cchs2003_p, cchs2005_p, cchs2007_2008_p, cchs2009_2010_p, cchs2011_2012_p, cchs2013_2014_p","cchs2001_p::RACA_6E, cchs2003_p::RACC_6E, cchs2005_p::RACE_6E, cchs2007_2008_p::RAC_6E, [ADL_04]",
ADL_05,"intermediate, outcome_sec, table1_master",Help move inside house,Needs help - moving about inside house,Health status,ADL,Categorical,N/A,"cchs2001_p, cchs2003_p, cchs2005_p, cchs2007_2008_p, cchs2009_2010_p, cchs2011_2012_p, cchs2013_2014_p","cchs2001_p::RACA_6F, cchs2003_p::RACC_6F, cchs2005_p::RACE_6F, cchs2007_2008_p::RAC_6F, [ADL_05]",
ADL_06,"intermediate, outcome_sec, table1_master",Help personal finances,Needs help - looking after finances,Health status,ADL,Categorical,N/A,"cchs2003_p, cchs2005_p, cchs2007_2008_p, cchs2009_2010_p, cchs2011_2012_p, cchs2013_2014_p","cchs2003_p::RACC_6G, cchs2005_p::RACE_6G, cchs2007_2008_p::RAC_6G, [ADL_06]",
ADL_07,"intermediate, outcome_sec, table1_master",Help heavy household chores,Needs help - heavy household chores,Health status,ADL,Categorical,N/A,"cchs2001_p, cchs2003_p, cchs2005_p","cchs2001_p::RACA_6D, cchs2003_p::RACC_6D, cchs2005_p::RACE_6D",
ADLF6R,Drop,Help tasks,Needs help with at least one task - (F),Health status,ADL,Categorical,N/A,"cchs2001_p, cchs2003_p, cchs2005_p, cchs2007_2008_p, cchs2009_2010_p, cchs2011_2012_p, cchs2013_2014_p","cchs2001_p::RACAF6, cchs2003_p::RACCF6R, cchs2005_p::RACEF6R, cchs2007_2008_p::RACF6R, [ADLF6R]",
ADL_der,"predictor, table1_short, outcome_sec, table1_master",Help tasks,Needs help with tasks,Health status,ADL,Categorical,N/A,"cchs2001_p, cchs2003_p, cchs2005_p, cchs2007_2008_p, cchs2009_2010_p, cchs2011_2012_p, cchs2013_2014_p","DerivedVar::[ADL_01, ADL_02, ADL_03, ADL_04, ADL_05]",
ADM_RNO,stratifier,Sequential record number,Sequential record number,N/A,N/A,Continuous,N/A,"cchs2001_p, cchs2003_p, cchs2005_p, cchs2007_2008_p, cchs2009_2010_p, cchs2011_2012_p, cchs2013_2014_p","cchs2001_p::ADMA_RNO, cchs2003_p::ADMC_RNO, cchs2005_p::ADME_RNO, [ADM_RNO]",
ALC_1,intermediate,Alcohol past year,"Past year, have you drank alcohol",Health behaviour,Alcohol,Categorical,N/A,"cchs2001_p, cchs2003_p, cchs2005_p, cchs2007_2008_p, cchs2009_2010_p, cchs2011_2012_p, cchs2013_2014_p","cchs2001_p::ALCA_1, cchs2003_p::ALCC_1, cchs2005_p::ALCE_1, [ALC_1]",
ALCDTTM,"predictor, table1_short, table1_master",Drinker type (last 12 months),Type of drinker (last 12 months),Health behaviour,Alcohol,Categorical,N/A,"cchs2001_p, cchs2003_p, cchs2005_p, cchs2007_2008_p, cchs2009_2010_p, cchs2011_2012_p, cchs2013_2014_p","cchs2001_p::ALCADTYP, cchs2003_p::ALCCDTYP, cchs2005_p::ALCEDTYP, [ALCDTTM]",
ALW_1,intermediate,Any alcohol past week,"Past week, had any alcohol",Health behaviour,Alcohol,Categorical,N/A,"cchs2001_p, cchs2003_p, cchs2005_p, cchs2007_2008_p, cchs2009_2010_p, cchs2011_2012_p, cchs2013_2014_p","cchs2001_p::ALCA_5, cchs2003_p::ALCC_5, cchs2005_p::ALCE_5, [ALW_1]",
ALW_2A1,intermediate,DailyConsumptionSunday,Number of drinks on Sunday,Health behaviour,Alcohol,Continuous,drinks,"cchs2001_p, cchs2003_p, cchs2005_p, cchs2007_2008_p, cchs2009_2010_p, cchs2011_2012_p, cchs2013_2014_p","cchs2001_p::ALCA_5A1, cchs2003_p::ALCC_5A1, cchs2005_p::ALCE_5A1, [ALW_2A1]",
ALW_2A2,intermediate,# of drinks - Monday,Number of drinks on Monday,Health behaviour,Alcohol,Continuous,drinks,"cchs2001_p, cchs2003_p, cchs2005_p, cchs2007_2008_p, cchs2009_2010_p, cchs2011_2012_p, cchs2013_2014_p","cchs2001_p::ALCA_5A2, cchs2003_p::ALCC_5A2, cchs2005_p::ALCE_5A2, [ALW_2A2]",
ALW_2A3,intermediate,# of drinks - Sunday,Number of drinks on Tuesday,Health behaviour,Alcohol,Continuous,drinks,"cchs2001_p, cchs2003_p, cchs2005_p, cchs2007_2008_p, cchs2009_2010_p, cchs2011_2012_p, cchs2013_2014_p","cchs2001_p::ALCA_5A3, cchs2003_p::ALCC_5A3, cchs2005_p::ALCE_5A3, [ALW_2A3]",
ALW_2A4,intermediate,# of drinks - Sunday,Number of drinks on Wednesday,Health behaviour,Alcohol,Continuous,drinks,"cchs2001_p, cchs2003_p, cchs2005_p, cchs2007_2008_p, cchs2009_2010_p, cchs2011_2012_p, cchs2013_2014_p","cchs2001_p::ALCA_5A4, cchs2003_p::ALCC_5A4, cchs2005_p::ALCE_5A4, [ALW_2A4]",
ALW_2A5,intermediate,# of drinks - Sunday,Number of drinks on Thursday,Health behaviour,Alcohol,Continuous,drinks,"cchs2001_p, cchs2003_p, cchs2005_p, cchs2007_2008_p, cchs2009_2010_p, cchs2011_2012_p, cchs2013_2014_p","cchs2001_p::ALCA_5A5, cchs2003_p::ALCC_5A5, cchs2005_p::ALCE_5A5, [ALW_2A5]",
ALW_2A6,intermediate,# of drinks - Sunday,Number of drinks on Friday,Health behaviour,Alcohol,Continuous,drinks,"cchs2001_p, cchs2003_p, cchs2005_p, cchs2007_2008_p, cchs2009_2010_p, cchs2011_2012_p, cchs2013_2014_p","cchs2001_p::ALCA_5A6, cchs2003_p::ALCC_5A6, cchs2005_p::ALCE_5A6, [ALW_2A6]",
ALW_2A7,intermediate,# of drinks - Sunday,Number of drinks on Saturday,Health behaviour,Alcohol,Continuous,drinks,"cchs2001_p, cchs2003_p, cchs2005_p, cchs2007_2008_p, cchs2009_2010_p, cchs2011_2012_p, cchs2013_2014_p","cchs2001_p::ALCA_5A7, cchs2003_p::ALCC_5A7, cchs2005_p::ALCE_5A7, [ALW_2A7]",
ALWDWKY,"predictor, table1_long, table1_master",Drinks last week,Weekly consumption of alcohol,Health behaviour,Alcohol,Continuous,drinks/week,"cchs2001_p, cchs2003_p, cchs2005_p, cchs2007_2008_p, cchs2009_2010_p, cchs2011_2012_p, cchs2013_2014_p","cchs2001_p::ALCADWKY, cchs2003_p::ALCCDWKY, cchs2005_p::ALCEDWKY, [ALWDWKY]",
binge_drinker,"predictor, table1_long, table1_master",Binge Drinker,Binge Drinker,Health behaviour,Alcohol,Categorical,N/A,"cchs2001_p, cchs2003_p, cchs2005_p, cchs2007_2008_p, cchs2009_2010_p, cchs2011_2012_p, cchs2013_2014_p, cchs2015","DerivedVar::[DHH_SEX, ALW_1, ALW_2A1, ALW_2A2, ALW_2A3, ALW_2A4, ALW_2A5, ALW_2A6, ALW_2A7]",
CCC_031,"predictor, table1_long, table1_master",Asthma,Do you have asthma?,Health status,Chronic condition,Categorical,N/A,"cchs2001_p, cchs2003_p, cchs2005_p, cchs2007_2008_p, cchs2009_2010_p, cchs2011_2012_p, cchs2013_2014_p","cchs2001_p::CCCA_031, cchs2003_p::CCCC_031, cchs2005_p::CCCE_031, [CCC_031]",
CCC_041,Drop,Fibromyalgia,Do you have Fibromyalgia?,Health status,Chronic condition,Categorical,N/A,"cchs2001_p, cchs2003_p, cchs2005_p, cchs2014_p","cchs2001_p::CCCA_041, cchs2003_p::CCCC_041, cchs2005_p::CCCE_041, [CCC_041]",
CCC_051,"predictor, table1_short, table1_master, outcome_sec",Arthritis/Rheumatism,Do you have arthritis or rheumatism?,Health status,Chronic condition,Categorical,N/A,"cchs2001_p, cchs2003_p, cchs2005_p, cchs2007_2008_p, cchs2009_2010_p, cchs2011_2012_p, cchs2013_2014_p","cchs2001_p::CCCA_051, cchs2003_p::CCCC_051, cchs2005_p::CCCE_051, [CCC_051]",
CCC_061,"predictor, table1_short, table1_master, outcome_sec",Back problems,Do you have back problems?,Health status,Chronic condition,Categorical,N/A,"cchs2001_p, cchs2003_p, cchs2005_p, cchs2007_2008_p, cchs2009_2010_p, cchs2010_p, cchs2011_2012_p, cchs2012_p, cchs2013_2014_p, cchs2014_p","cchs2001_p::CCCA_061, cchs2003_p::CCCC_061, cchs2005_p::CCCE_061, [CCC_061]",
CCC_071,"predictor, table1_short, table1_master, outcome_sec",Hypertension,Do you have high blood pressure,Health status,Chronic condition,Categorical,N/A,"cchs2001_p, cchs2003_p, cchs2005_p, cchs2007_2008_p, cchs2009_2010_p, cchs2011_2012_p, cchs2013_2014_p","cchs2001_p::CCCA_071, cchs2003_p::CCCC_071, cchs2005_p::CCCE_071, [CCC_071]",
CCC_073,Drop,Hypertension medication,In the past month have you taken any medicine for high blood pressure?,Health status,Chronic condition,Categorical,N/A,"cchs2005_p, cchs2007_2008_p, cchs2009_2010_p, cchs2011_2012_p, cchs2013_2014_p","cchs2005_p::CCCE_073, [CCC_073]",
CCC_091,Drop,COPD/Emphysema,"Do you have COPD (eg bronchitis, emphysema)",Health status,Chronic condition,Categorical,N/A,"cchs2001_p, cchs2003_p, cchs2009_2010_p, cchs2011_2012_p, cchs2013_2014_p","cchs2001_p::CCCA_91B, cchs2003_p::CCCC_91B, [CCC_091]",
CCC_101,"predictor, table1_short, table1_master, outcome_sec",Diabetes,Do you have diabetes,Health status,Chronic condition,Categorical,N/A,"cchs2001_p, cchs2003_p, cchs2005_p, cchs2007_2008_p, cchs2009_2010_p, cchs2011_2012_p, cchs2013_2014_p","cchs2001_p::CCCA_101, cchs2003_p::CCCC_101, cchs2005_p::CCCE_101, [CCC_101]",
CCC_121,"predictor, table1_short, table1_master, outcome_sec",Heart Disease,Do you have heart disease,Health status,Chronic condition,Categorical,N/A,"cchs2001_p, cchs2003_p, cchs2005_p, cchs2007_2008_p, cchs2009_2010_p, cchs2011_2012_p, cchs2013_2014_p","cchs2001_p::CCCA_121, cchs2003_p::CCCC_121, cchs2005_p::CCCE_121, [CCC_121]",
CCC_131,"predictor, table1_short, table1_master, outcome_sec",Active Cancer,Do you have cancer,Health status,Chronic condition,Categorical,N/A,"cchs2001_p, cchs2003_p, cchs2005_p, cchs2007_2008_p, cchs2009_2010_p, cchs2011_2012_p, cchs2013_2014_p","cchs2001_p::CCCA_131, cchs2003_p::CCCC_131, cchs2005_p::CCCE_131, [CCC_131]",
CCC_151,"predictor, table1_short, table1_master, outcome_sec",Stroke,Do you suffer from effects of stroke,Health status,Chronic condition,Categorical,N/A,"cchs2001_p, cchs2003_p, cchs2005_p, cchs2007_2008_p, cchs2009_2010_p, cchs2011_2012_p, cchs2013_2014_p","cchs2001_p::CCCA_151, cchs2003_p::CCCC_151, cchs2005_p::CCCE_151, [CCC_151]",
CCC_171,"predictor, table1_short, table1_master, outcome_sec",Bowel disorder,Do you have a bowel disorder such as Crohn's disease or colitis?,Health status,Chronic condition,Categorical,N/A,"cchs2001_p, cchs2003_p, cchs2005_p, cchs2007_2008_p, cchs2009_2010_p, cchs2011_2012_p, cchs2013_2014_p","cchs2001_p::CCCA_171, cchs2003_p::CCCC_171, cchs2005_p::CCCE_171, [CCC_171]",
CCC_251,Drop,Chronic fatigue,Do you have chronic fatigue syndrome?,Health status,Chronic condition,Categorical,N/A,"cchs2001_p, cchs2003_p, cchs2005_p","cchs2001_p::CCCA_251, cchs2003_p::CCCC_251, cchs2005_p::CCCE_251, [CCC_251]",
CCC_280,"predictor, table1_short, table1_master, outcome_sec",Mood disorder,Do you have a mood disorder,Health status,Chronic condition,Categorical,N/A,"cchs2003_p, cchs2005_p, cchs2007_2008_p, cchs2009_2010_p, cchs2011_2012_p, cchs2013_2014_p","cchs2003_p::CCCC_280, cchs2005_p::CCCE_280, [CCC_280]",
CCC_31A,"predictor, table1_long, table1_master",Cancer diagnosis,Have you ever been diagnosed with cancer?,Health status,Chronic condition,Categorical,N/A,"cchs2005_p, cchs2007_2008_p, cchs2009_2010_p, cchs2011_2012_p, cchs2013_2014_p","cchs2005_p::CCCE_31A, [CCC_31A]",
CCC_91A,"predictor, table1_long, table1_master",Bronchitis,Do you have chronic bronchitis?,Health status,Chronic condition,Categorical,N/A,"cchs2001_p, cchs2003_p, cchs2005_p, cchs2007_2008_p","cchs2001_p::CCCA_91A, cchs2003_p::CCCC_91A, cchs2005_p::CCCE_91A, [CCC_91A]",
CCC_91E,Drop,Emphysema,Do you have emphysema?,Health status,Chronic condition,Categorical,N/A,"cchs2005_p, cchs2007_2008_p","cchs2005_p::CCCE_91E, cchs2007_2008_p::CCC_91E",
CCC_91F,Drop,COPD,Do you have COPD?,Health status,Chronic condition,Categorical,N/A,"cchs2005_p, cchs2007_2008_p","cchs2005_p::CCCE_91F, cchs2007_2008_p::CCC_91F",
COPD_Emph_der,"predictor, table1_long, table1_master",COPD/Emphysema,COPD/Emphysema,Health status,Chronic condition,Categorical,N/A,"cchs2001_p, cchs2003_p, cchs2005_p, cchs2007_2008_p, cchs2009_2010_p, cchs2010_p, cchs2011_2012_p, cchs2012_p, cchs2013_2014_p, cchs2014_p","DerivedVar::[DHHGAGE_cont, CCC_91E, CCC_91F], DerivedVar::[DHHGAGE_cont, CCC_091]",
DHH_OWN,"predictor, table1_long, table1_master",Home ownership,Dwelling - owned by a member of hsld,Sociodemographics,Home ownership,Categorical,N/A,"cchs2001_p, cchs2003_p, cchs2005_p, cchs2007_2008_p, cchs2009_2010_p, cchs2011_2012_p, cchs2013_2014_p","cchs2001_p::DHHA_OWN, cchs2003_p::DHHC_OWN, cchs2005_p::DHHE_OWN, [DHH_OWN]",
DHH_SEX,"predictor, table1_short, stratifier, table1_master",Sex,Sex,Demographics,Sex,Categorical,N/A,"cchs2001_p, cchs2003_p, cchs2005_p, cchs2007_2008_p, cchs2009_2010_p, cchs2011_2012_p, cchs2013_2014_p","cchs2001_p::DHHA_SEX, cchs2003_p::DHHC_SEX, cchs2005_p::DHHE_SEX, [DHH_SEX]",
DHHGAGE_C,"predictor, table1_short, table1_master",Categorical Age,Categorical age,Demographics,Age,Categorical,N/A,"cchs2001_p, cchs2003_p, cchs2005_p, cchs2007_2008_p, cchs2009_2010_p, cchs2011_2012_p, cchs2013_2014_p",DerivedVar::[DHHHGAGE_cont],
DHHGAGE_cont,"predictor, table1_short, table1_master",Continuous Age,Converted categorical age,Demographics,Age,Continuous,Years,"cchs2001_p, cchs2003_p, cchs2005_p, cchs2007_2008_p, cchs2009_2010_p, cchs2011_2012_p, cchs2013_2014_p","cchs2001_p::DHHAGAGE, cchs2003_p::DHHCGAGE, cchs2005_p::DHHEGAGE, [DHHGAGE]",Continuous age variable
DHHGHSZ,"intermediate, table1_master",Household size,Household size,Sociodemographics,Household size,Categorical,N/A,"cchs2003_p, cchs2005_p, cchs2007_2008_p, cchs2009_2010_p, cchs2011_2012_p, cchs2013_2014_p","cchs2003_p::DHHCGHSZ, cchs2005_p::DHHEGHSZ, [DHHGHSZ]",
DHHGMS,"predictor, table1_short, table1_master",Marital status,Marital status - (G),Sociodemographics,Marital Status,Categorical,N/A,"cchs2001_p, cchs2003_p, cchs2005_p, cchs2007_2008_p, cchs2009_2010_p, cchs2011_2012_p, cchs2013_2014_p","cchs2001_p::DHHAGMS, cchs2003_p::DHHCGMS, cchs2005_p::DHHEGMS, [DHHGMS]",
diet_score,"predictor, table1_short, table1_master",Diet score ,"Diet score (0 to 10) based on daily consumption of fruit, vegetables and fruit juice",Health behaviour,Diet,Continuous,N/A,"cchs2001_p, cchs2003_p, cchs2005_p, cchs2007_2008_p, cchs2009_2010_p, cchs2010_p, cchs2011_2012_p, cchs2012_p, cchs2013_2014_p, cchs2014_p","DerivedVar::[FVCDFRU, FVCDSAL, FVCDPOT, FVCDCAR, FVCDVEG, FVCDJUI, DHH_SEX]","A derived diet variable based on daily consumption of ""fruit, salad, potatoes, carrots, other vegetables, and juice"". Two baseline points plus summation of total points for diet attributes with penalty for high potato intake, no carrot intake and high juice consumption (negative overall scores are recoded to 0, resulting in a range from 0 to 10)."
DPSDSF,"predictor, table1_short, table1_master, outcome_sec",Depression Scale - Short Form Score,Depression Scale - Short Form Score,Health status,Chronic condition,Continuous,N/A,"cchs2001_p, cchs2003_p, cchs2005_p, cchs2007_2008_p, cchs2009_2010_p, cchs2010_p, cchs2011_2012_p, cchs2012_p, cchs2013_2014_p, cchs2014_p","cchs2001_p::DPSADSF, cchs2003_p::DPSCDSF, cchs2005_p::DPSEDSF, [DPSDSF]",
EDUDR04,"predictor, table1_short, table1_master",Highest education,Highest level/education,Sociodemographics,Education,Categorical,N/A,"cchs2001_p, cchs2003_p, cchs2005_p, cchs2007_2008_p, cchs2009_2010_p, cchs2011_2012_p, cchs2013_2014_p","cchs2001_p::EDUADR04, cchs2003_p::EDUCDR04, cchs2005_p::EDUEDR04, [EDUDR04]",
FINF1,intermediate,Food insecurity 12M,Some food insecurity in past 12 months,Sociodemographics,Food security,Categorical,N/A,"cchs2001_p, cchs2003_p","cchs2001_p::FINAF1, cchs2003_p::FINCF1",
FLU_160,"table1_long, table1_master",Ever had a flu shot,Have you ever had a flu shot?,Health care use,Vaccination,Categorical,N/A,"cchs2001_p, cchs2003_p, cchs2005_p, cchs2007_2008_p, cchs2009_2010_p, cchs2010_p, cchs2011_2012_p, cchs2012_p, cchs2013_2014_p, cchs2014_p","cchs2001_p::FLUA_160, cchs2003_p::FLUC_160, cchs2005_p::FLUE_160, [FLU_160]",
FLU_162,"table1_long, table1_master",Last time had flu shot,When did you have your last flu shot?,Health care use,Vaccination,Categorical,N/A,"cchs2001_p, cchs2003_p, cchs2005_p, cchs2007_2008_p, cchs2009_2010_p, cchs2010_p, cchs2011_2012_p, cchs2012_p, cchs2013_2014_p, cchs2014_p","cchs2001_p::FLUA_162, cchs2003_p::FLUC_162, cchs2005_p::FLUE_162, [FLU_162]",
food_insecurity_der,"predictor, table1_master",Food insecurity (last 12 months),Derived food insecurity,Sociodemographics,Food security,Categorical,N/A,"cchs2001_p, cchs2003_p, cchs2005_p, cchs2007_2008_p, cchs2009_2010_p, cchs2011_2012_p, cchs2013_2014_p","DerivedVar::[FINF1], DerivedVar::[FSCDHFS], DerivedVar::[FSCDHFS2]",
FSCDHFS,"table1_long, table1_master",Food security,Household food security status - (D),Sociodemographics,Food security,Categorical,N/A,cchs2005_p,[FSCEDHFS],
FSCDHFS2,intermediate,HC food security,Household food security status - (HC),Sociodemographics,Food security,Categorical,N/A,"cchs2007_2008_p, cchs2009_2010_p, cchs2011_2012_p, cchs2013_2014_p",[FSCDHFS2],
FVCDCAR,"intermediate, z_score",Carrot consumption,Daily consumption - carrots (D),Health behaviour,Diet,Continuous,N/A,"cchs2001_p, cchs2003_p, cchs2005_p, cchs2007_2008_p, cchs2009_2010_p, cchs2011_2012_p, cchs2013_2014_p","cchs2001_p::FVCADCAR, cchs2003_p::FVCCDCAR, cchs2005_p::FVCEDCAR, [FVCDCAR]",
FVCDFRU,"intermediate, z_score",Fruit consumption,Daily consumption - fruit - (D),Health behaviour,Diet,Continuous,N/A,"cchs2001_p, cchs2003_p, cchs2005_p, cchs2007_2008_p, cchs2009_2010_p, cchs2011_2012_p, cchs2013_2014_p","cchs2001_p::FVCADFRU, cchs2003_p::FVCCDFRU, cchs2005_p::FVCEDFRU, [FVCDFRU]",
FVCDJUI,"intermediate, z_score",Juice consumption,Daily consumption - fruit juice (D),Health behaviour,Diet,Continuous,N/A,"cchs2001_p, cchs2003_p, cchs2005_p, cchs2007_2008_p, cchs2009_2010_p, cchs2011_2012_p, cchs2013_2014_p","cchs2001_p::FVCADJUI, cchs2003_p::FVCCDJUI, cchs2005_p::FVCEDJUI, [FVCDJUI]",
FVCDPOT,"intermediate, z_score",Potato consumption,Daily consumption - potatoes (D),Health behaviour,Diet,Continuous,N/A,"cchs2001_p, cchs2003_p, cchs2005_p, cchs2007_2008_p, cchs2009_2010_p, cchs2011_2012_p, cchs2013_2014_p","cchs2001_p::FVCADPOT, cchs2003_p::FVCCDPOT, cchs2005_p::FVCEDPOT, [FVCDPOT]",
FVCDSAL,"intermediate, z_score",Salad consumption,Daily consumption - green salad - (D),Health behaviour,Diet,Continuous,N/A,"cchs2001_p, cchs2003_p, cchs2005_p, cchs2007_2008_p, cchs2009_2010_p, cchs2011_2012_p, cchs2013_2014_p","cchs2001_p::FVCADSAL, cchs2003_p::FVCCDSAL, cchs2005_p::FVCEDSAL, [FVCDSAL]",
FVCDTOT,"table1_long, table1_master",Total fruit/veg consumption,Daily consumptoin - total fruits and veg. - (D),Health behaviour,Diet,Continuous,N/A,"cchs2001_p, cchs2003_p, cchs2005_p, cchs2007_2008_p, cchs2009_2010_p, cchs2011_2012_p, cchs2013_2014_p","cchs2001_p::FVCADTOT, cchs2003_p::FVCCDTOT, cchs2005_p::FVCEDTOT, [FVCDTOT]",
FVCDVEG,"intermediate, z_score",Other veg consumption,Daily consumption other vegetables - (D),Health behaviour,Diet,Continuous,N/A,"cchs2001_p, cchs2003_p, cchs2005_p, cchs2007_2008_p, cchs2009_2010_p, cchs2011_2012_p, cchs2013_2014_p","cchs2001_p::FVCADVEG, cchs2003_p::FVCCDVEG, cchs2005_p::FVCEDVEG, [FVCDVEG]",
GEN_01,"predictor, table1_short, outcome_sec, table1_master",Self perceived health,Self perceived health,Health behaviour,Self-perceived health,Categorical,N/A,"cchs2001_p, cchs2003_p, cchs2005_p, cchs2007_2008_p, cchs2009_2010_p, cchs2011_2012_p, cchs2013_2014_p","cchs2001_p::GENA_01, cchs2003_p::GENC_01, cchs2005_p::GENE_01, [GEN_01]",
GEN_02A,"predictor, outcome_sec, table1_master,  table1_long",Life satisfaction_cat,Satisfaction with life,Health behaviour,Life satisfaction,Categorical,N/A,"cchs2003_p, cchs2005_p, cchs2007_2008_p","cchs2003_p::GENC_02A, cchs2005_p::GENE_02A, [GEN_02A]",
GEN_02A2,"predictor, outcome_sec, table1_master",Life satisfaction_cont,Satisfaction with life in general,Health behaviour,Life satisfaction,Continuous,N/A,"cchs2003_p, cchs2005_p, cchs2007_2008_p, cchs2009_2010_p, cchs2010_p, cchs2011_2012_p, cchs2012_p, cchs2013_2014_p, cchs2014_p","cchs2003_p::GENC_02A, cchs2005_p::GENE_02A, cchs2007_2008_p::GEN_02A, [GEN_02A2]",
GEN_02B,"predictor, outcome_sec, table1_master,  table1_long",Self-perceived mental health,Self-perceived mental health,Health behaviour,Mental health,Categorical,N/A,"cchs2003_p, cchs2005_p, cchs2007_2008_p, cchs2009_2010_p, cchs2011_2012_p, cchs2013_2014_p","cchs2003_p::GENC_02B, cchs2005_p::GENE_02B, [GEN_02B]",
GEN_07,"predictor, outcome_sec, table1_master,  table1_long",Self-perceived life stress,Self perceived life stress,Health behaviour,Mental health,Categorical,N/A,"cchs2001_p, cchs2003_p, cchs2005_p, cchs2007_2008_p, cchs2009_2010_p, cchs2011_2012_p, cchs2013_2014_p","cchs2001_p::GENA_07, cchs2003_p::GENC_07, cchs2005_p::GENE_07, [GEN_07]",
GEN_09,"predictor, outcome_sec, table1_master,  table1_long",Self-perceived work stress,Self perceived work stress,Health behaviour,Mental health,Categorical,N/A,"cchs2001_p, cchs2003_p, cchs2005_p, cchs2007_2008_p, cchs2009_2010_p, cchs2011_2012_p, cchs2013_2014_p","cchs2001_p::GENA_09, cchs2003_p::GENC_09, cchs2005_p::GENE_09, [GEN_09]",
GEN_10,"predictor, outcome_sec, table1_master,  table1_long",Sense of belonging,Sense of belonging in the community,Health behaviour,Mental health,Categorical,N/A,"cchs2001_p, cchs2003_p, cchs2005_p, cchs2007_2008_p, cchs2009_2010_p, cchs2011_2012_p, cchs2013_2014_p","cchs2001_p::GENA_10, cchs2003_p::GENC_10, cchs2005_p::GENE_10, [GEN_10]",
GEOGPRV,"stratifier, table1_master",Province,Province of residence of respondent (G),Province,Province,Categorical,N/A,"cchs2001_p, cchs2003_p, cchs2005_p, cchs2007_2008_p, cchs2009_2010_p, cchs2011_2012_p, cchs2013_2014_p","cchs2001_p::GEOAGPRV, cchs2003_p::GEOCGPRV, cchs2005_p::GEOEGPRV, [GEOGPRV]",
HCU_1AA,"predictor, table1_master, table1_short",Has regular medical doctor,Do you have a regular medical doctor?,Health care use,Medical care,Categorical,N/A,"cchs2001_p, cchs2003_p, cchs2005_p, cchs2007_2008_p, cchs2009_2010_p, cchs2011_2012_p, cchs2013_2014_p","cchs2001_p::TWDA_5, cchs2003_p::HCUC_1AA, cchs2005_p::HCUE_1AA, [HCU_1AA]",
HUIDCOG,"outcome_sec, table1_master,  table1_long",HUI Cognition,Cognition prob. - function code - (D),Health status,HUI Cognition,Categorical,N/A,"cchs2001_p, cchs2003_p, cchs2005_p, cchs2007_2008_p, cchs2009_2010_p, cchs2013_2014_p","cchs2001_p::HUIADCOG, cchs2003_p::HUICDCOG, cchs2005_p::HUIEDCOG, [HUIDCOG]",
HUIDEMO,"outcome_sec, table1_master,  table1_long",HUI Emotion,Emotional problems - function code - (D),Health status,HUI Emotion,Categorical,N/A,"cchs2001_p, cchs2003_p, cchs2005_p, cchs2007_2008_p, cchs2009_2010_p, cchs2013_2014_p","cchs2001_p::HUIADEMO, cchs2003_p::HUICDEMO, cchs2005_p::HUIEDEMO, [HUIDEMO]",
HUIDHSI,"outcome, table1_short, table1_master",Overall HUI,Health Utility Index (HUI3) - (D),Health status,Health utility index,Continuous,N/A,"cchs2001_p, cchs2003_p, cchs2005_p, cchs2007_2008_p, cchs2009_2010_p, cchs2013_2014_p","cchs2001_p::HUIADHSI, cchs2003_p::HUICDHSI, cchs2005_p::HUIEDHSI, [HUIDHSI]",
HUIGDEX,"outcome_sec, table1_master,  table1_long",HUI Dexterity,"Dexterity trouble - function code (D, G)",Health status,HUI Dexterity,Categorical,N/A,"cchs2001_p, cchs2003_p, cchs2005_p, cchs2007_2008_p, cchs2009_2010_p, cchs2013_2014_p","cchs2001_p::HUIAGDEX, cchs2003_p::HUICGDEX, cchs2005_p::HUIEGDEX, [HUIGDEX]",
HUIGHER,"outcome_sec, table1_master,  table1_long",HUI Hearing,"Hearing problems - function code (D, G)",Health status,HUI Hearing,Categorical,N/A,"cchs2001_p, cchs2003_p, cchs2005_p, cchs2007_2008_p, cchs2009_2010_p, cchs2013_2014_p","cchs2001_p::HUIAGHER, cchs2003_p::HUICGHER, cchs2005_p::HUIEGHER, [HUIGHER]",
HUIGMOB,"outcome_sec, table1_master,  table1_long",HUI Mobility,"Mobility trouble - function code (D, G)",Health status,HUI Mobility,Categorical,N/A,"cchs2001_p, cchs2003_p, cchs2005_p, cchs2007_2008_p, cchs2009_2010_p, cchs2013_2014_p","cchs2001_p::HUIAGMOB, cchs2003_p::HUICGMOB, cchs2005_p::HUIEGMOB, [HUIGMOB]",
HUIGSPE,"outcome_sec, table1_master,  table1_long",HUI Speech,"Speech trouble - function code - (D, G)",Health status,HUI Speech,Categorical,N/A,"cchs2001_p, cchs2003_p, cchs2005_p, cchs2007_2008_p, cchs2009_2010_p, cchs2013_2014_p","cchs2001_p::HUIAGSPE, cchs2003_p::HUICGSPE, cchs2005_p::HUIEGSPE, [HUIGSPE]",
HUIGVIS,"outcome_sec, table1_master,  table1_long",HUI Vision,"Vision trouble - function code - (D, G)",Health status,HUI Vision,Categorical,N/A,"cchs2001_p, cchs2003_p, cchs2005_p, cchs2007_2008_p, cchs2009_2010_p, cchs2013_2014_p","cchs2001_p::HUIAGVIS, cchs2003_p::HUICGVIS, cchs2005_p::HUIEGVIS, [HUIGVIS]",
HUPDPAD,"outcome_sec, table1_master,  table1_long",HUI Pain,Act. prevent/pain - function code - (D),Health status,HUI Pain,Categorical,N/A,"cchs2001_p, cchs2003_p, cchs2005_p, cchs2007_2008_p, cchs2009_2010_p, cchs2013_2014_p","cchs2001_p::HUIADPAD, cchs2003_p::HUICDPAD, cchs2005_p::HUIEDPAD, [HUPDPAD]",
HWTGBMI_der,"predictor, table1_short, table1_master",Derived BMI,Derived Body Mass Index,Health status,BMI,Continuous,kg/m2,"cchs2001_p, cchs2003_p, cchs2005_p, cchs2007_2008_p, cchs2009_2010_p, cchs2011_2012_p, cchs2013_2014_p","DerivedVar::[HWTGHTM, HWTGWTK]",
HWTGHTM,intermediate,Height,"Height (metres)/self-reported - (D,G)",Health status,Height,Continuous,meters,"cchs2001_p, cchs2003_p, cchs2005_p, cchs2007_2008_p, cchs2009_2010_p, cchs2011_2012_p, cchs2013_2014_p","cchs2001_p::HWTAGHT, cchs2003_p::HWTCGHT, cchs2005_p::HWTEGHTM, [HWTGHTM]",
HWTGWTK,intermediate,Weight,"Weight - kilograms (D, G)",Health status,Weight,Continuous,kg,"cchs2001_p, cchs2003_p, cchs2005_p, cchs2007_2008_p, cchs2009_2010_p, cchs2011_2012_p, cchs2013_2014_p","cchs2001_p::HWTAGWTK, cchs2003_p::HWTCGWTK, cchs2005_p::HWTEGWTK, [HWTGWTK]",
id_year,id,Unique ID,Unique ID,N/A,N/A,Continuous,N/A,"cchs2001_p, cchs2003_p, cchs2005_p, cchs2007_2008_p, cchs2009_2010_p, cchs2010_p, cchs2011_2012_p, cchs2012_p, cchs2013_2014_p, cchs2014_p","DerivedVar::[data_name, ADM_RNO]",
INCDRCA,"predictor, table1_short, table1_master",Household income distribution,Household income distribution - (D),Sociodemographics,Income,Categorical,N/A,"cchs2005_p, cchs2007_2008_p, cchs2009_2010_p, cchs2011_2012_p, cchs2013_2014_p","cchs2005_p::INCEDRCA, [INCDRCA]",
INCDRPR,"table1_long, table1_master",Household income distribution provincial level,Hhld inc. distribution-prov. level - (D),Sociodemographics,Income,Categorical,N/A,"cchs2005_p, cchs2007_2008_p, cchs2009_2010_p, cchs2011_2012_p, cchs2013_2014_p","cchs2005_p::INCEDRPR, [INCDRPR]",
INCGHH_cont,"table1_long, table1_master",Household income,Total household income from all sources - continuous,Sociodemographics,Income,Continuous,$/year,"cchs2001_p, cchs2003_p, cchs2005_p, cchs2007_2008_p, cchs2009_2010_p, cchs2011_2012_p, cchs2013_2014_p","cchs2001_p::INCAGHH, cchs2003_p::INCCGHH, cchs2005_p::INCEGHH, [INCGHH]",
INCGPER_cont,"table1_long, table1_master",Personal Income,"Total pers. inc. from all sources (D, G)",Sociodemographics,Income,Continuous,N/A,"cchs2001_p, cchs2003_p, cchs2005_p, cchs2007_2008_p, cchs2009_2010_p, cchs2011_2012_p, cchs2013_2014_p","cchs2001_p::INCAGPER, cchs2003_p::INCCGPER, cchs2005_p::INCEGPER, [INCGPER]",
LBFA_31A_a,"table1_long, table1_master",Occupation group (5 categories),Occupation group (5 categories),Sociodemographics,Occupation,Categorical,N/A,"cchs2001_p, cchs2007_2008_p, cchs2009_2010_p, cchs2010_p, cchs2011_2012_p, cchs2012_p, cchs2013_2014_p, cchs2014_p","cchs2001_p::LBFA_31A, [LBSGSOC]",
number_conditions,"predictor, table1_short, table1_master",Number of chronic conditions,Number of chronic conditions,Health status,Chronic condition,Categorical,N/A,"cchs2001_p, cchs2003_p, cchs2005_p, cchs2007_2008_p, cchs2009_2010_p, cchs2011_2012_p, cchs2013_2014_p","DerivedVar::[CCC_121, CCC_131, CCC_151, CCC_171, CCC_280, resp_condition, CCC_051]",
PAC_4A,intermediate,Time walk work/school in week,"In a typical week in the past 3 months, how many hours did you usually spend walking to work or to school or while doing errands",Health behaviour,Exercise,Categorical,hours/week,"cchs2001_p, cchs2003_p, cchs2005_p","cchs2001_p::PACA_4A, cchs2003_p::PACC_4A, cchs2005_p::PACE_4A",
PAC_4B,intermediate,Time bike work/school in week,"In a typical week in the past 3 months, how many hours did you usually spend walking to work or to school or while doing errands",Health behaviour,Exercise,Categorical,hours/week,"cchs2001_p, cchs2003_p, cchs2005_p","cchs2001_p::PACA_4B, cchs2003_p::PACC_4B, cchs2005_p::PACE_4B",
PAC_7,intermediate,Walk to work/school,Walked to work or school / last 3 mo.,Health behaviour,Exercise,Categorical,N/A,"cchs2007_2008_p, cchs2009_2010_p, cchs2011_2012_p, cchs2013_2014_p",[PAC_7],
PAC_7A,intermediate,Number times walk work/school,No. of times/3 mo./walking work/school,Health behaviour,Exercise,Continuous,N/A,"cchs2007_2008_p, cchs2009_2010_p, cchs2011_2012_p, cchs2013_2014_p",[PAC_7A],
PAC_7B,intermediate,Time walk work/school,Time spent - walking to go work/school,Health behaviour,Exercise,Categorical,mins,"cchs2007_2008_p, cchs2009_2010_p, cchs2011_2012_p, cchs2013_2014_p",[PAC_7B],
PAC_8,intermediate,Bike to work/school,Bicycled to work or school / last 3 mo.,Health behaviour,Exercise,Categorical,N/A,"cchs2007_2008_p, cchs2009_2010_p, cchs2011_2012_p, cchs2013_2014_p",[PAC_8],
PAC_8A,intermediate,Number times bike work/school,No. of times/3 mo./bicycl. work/school,Health behaviour,Exercise,Continuous,times/3 mos.,"cchs2007_2008_p, cchs2009_2010_p, cchs2011_2012_p, cchs2013_2014_p",[PAC_8A],
PAC_8B,intermediate,Time bike work/school,Time spent - walking to go work/school,Health behaviour,Exercise,Categorical,N/A,"cchs2007_2008_p, cchs2009_2010_p, cchs2011_2012_p, cchs2013_2014_p",[PAC_8B],
PACDEE,"predictor, table1_short, table1_master",Physical activity,Daily energy expenditure - (D),Health behaviour,Exercise,Continuous,METS,"cchs2001_p, cchs2003_p, cchs2005_p, cchs2007_2008_p, cchs2009_2010_p, cchs2011_2012_p, cchs2013_2014_p","cchs2001_p::PACADEE, cchs2003_p::PACCDEE, cchs2005_p::PACEDEE, [PACDEE]",
pack_years_der,"predictor, table1_long, table1_master",Smoking pack-years,Smoking pack-years,Health behaviour,Smoking,Continuous,Years,"cchs2003_p, cchs2005_p, cchs2007_2008_p, cchs2009_2010_p, cchs2011_2012_p, cchs2013_2014_p","DerivedVar::[SMKDSTY_A, DHHGAGE_cont, time_quit_smoking, SMKG203_cont, SMKG207_cont, SMK_204, SMK_05B, SMK_208, SMK_05C, SMKG01C_cont, SMK_01A]",
pct_time_der,"predictor, table1_long, table1_master",Percent time in Canada,Percentage of time in Canada,Sociodemographics,Migration,Continuous,%,"cchs2001_p, cchs2003_p, cchs2005_p, cchs2007_2008_p, cchs2009_2010_p, cchs2011_2012_p, cchs2013_2014_p","DerivedVar::[DHHGAGE_cont, SDCGCBG, SDCGRES]",
RAC_1,"intermediate, outcome_sec, table1_master",Difficulty activities,Has difficulty with activities,Health status,ADL,Categorical,N/A,"cchs2001_p, cchs2003_p, cchs2005_p, cchs2007_2008_p, cchs2009_2010_p, cchs2011_2012_p, cchs2013_2014_p","cchs2001_p::RACA_1, cchs2003_p::RACC_1, cchs2005_p::RACE_1, [RAC_1]",
RAC_2A,"intermediate, outcome_sec, table1_master",Reduction activities at home,Reduction - activities at home,Health status,ADL,Categorical,N/A,"cchs2001_p, cchs2003_p, cchs2005_p, cchs2007_2008_p, cchs2009_2010_p, cchs2011_2012_p, cchs2013_2014_p","cchs2001_p::RACA_2A, cchs2003_p::RACC_2A, cchs2005_p::RACE_2A, [RAC_2A]",
RAC_2B,"intermediate, outcome_sec, table1_master",Reduction activities at school or work,Long-term cond. reduces act. - school or work,Health status,ADL,Categorical,N/A,cchs2001_p,cchs2001_p::RACA_2B,
RAC_2B1,"intermediate, outcome_sec, table1_master",Reduction activities at school,Long-term cond. reduces act. - school,Health status,ADL,Categorical,N/A,"cchs2003_p, cchs2005_p, cchs2007_2008_p, cchs2009_2010_p, cchs2011_2012_p, cchs2013_2014_p","cchs2003_p::RACC_2B1, cchs2005_p::RACE_2B1, [RAC_2B1]",
RAC_2B2,"intermediate, outcome_sec, table1_master",Reduction activities at work,Reduction kind/amount act. - at work,Health status,ADL,Categorical,N/A,"cchs2003_p, cchs2005_p, cchs2007_2008_p, cchs2009_2010_p, cchs2011_2012_p, cchs2013_2014_p","cchs2003_p::RACC_2B2, cchs2005_p::RACE_2B2, [RAC_2B2]",
RAC_2C,"intermediate, outcome_sec, table1_master",Reduction other activities,Reduction - other activities,Health status,ADL,Categorical,N/A,"cchs2001_p, cchs2003_p, cchs2005_p, cchs2007_2008_p, cchs2009_2010_p, cchs2011_2012_p, cchs2013_2014_p","cchs2001_p::RACA_2C, cchs2003_p::RACC_2C, cchs2005_p::RACE_2C, [RAC_2C]",
RACDIMP,"predictor, table1_short, outcome_sec, table1_master",Impact health problem,Impact of health problems,Health status,Chronic condition,Categorical,N/A,"cchs2001_p, cchs2003_p, cchs2005_p, cchs2007_2008_p, cchs2009_2010_p, cchs2011_2012_p, cchs2013_2014_p","cchs2001_p::RACADIMP, cchs2003_p::RACCDIMP, cchs2005_p::RACEDIMP, [RACDIMP]",
RACDPAL,"predictor, table1_short, outcome_sec, table1_master",Particpation/activity limitation,Participation and activity limitation,Health status,ADL,Categorical,N/A,"cchs2001_p, cchs2003_p, cchs2005_p, cchs2007_2008_p, cchs2009_2010_p, cchs2010_p, cchs2011_2012_p, cchs2012_p, cchs2013_2014_p, cchs2014_p","cchs2001_p::[DerivedVar::[RAC_1, RAC_2A, RAC_2B, RAC_2C]], cchs2003_p::RACCDPAL, cchs2005_p::RACEDPAL, [RACDPAL]",
RACG5,"predictor, table1_short, table1_master",Cause health problem,Cause of Health problem,Health status,Chronic condition,Categorical,N/A,"cchs2003_p, cchs2005_p, cchs2007_2008_p, cchs2009_2010_p, cchs2011_2012_p, cchs2013_2014_p","cchs2003_p::RACCG5, cchs2005_p::RACEG5, [RACG5]",
resp_condition_der,"predictor, table1_short, table1_master",Respiratory Condition,Respiratory condition,Health status,Chronic condition,Categorical,N/A,"cchs2001_p, cchs2003_p, cchs2005_p, cchs2007_2008_p, cchs2009_2010_p, cchs2011_2012_p, cchs2013_2014_p","DerivedVar::[DHHGAGE_cont, CCC_091], DerivedVar::[DHHGAGE_cont, CCC_91E, CCC_91F, CCC_91A], DerivedVar::[DHHGAGE_cont, CCC_091, CCC_91A]",
SDCFIMM,"predictor, table1_short, table1_master",Immigrant status,Immigrant Status (D),Sociodemographics,Migration,Categorical,N/A,"cchs2001_p, cchs2003_p, cchs2005_p, cchs2007_2008_p, cchs2009_2010_p, cchs2011_2012_p, cchs2013_2014_p","cchs2001_p::SDCAFIMM, cchs2003_p::SDCCFIMM, cchs2005_p::SDCEFIMM, [SDCFIMM]",
SDCGCBG,"predictor, table1_short, table1_master",Country of birth,Country of birth - (G),Sociodemographics,Migration,Categorical,N/A,"cchs2001_p, cchs2003_p, cchs2005_p, cchs2007_2008_p, cchs2009_2010_p, cchs2011_2012_p, cchs2013_2014_p","cchs2001_p::SDCAGCBG, cchs2003_p::SDCCGCBG, cchs2005_p::SDCEGCBG, cchs2011_2012_p::SDCGCB12::SDCGCB12, cchs2013_2014_p::SDCGCB13::SDCGCB13, [SDCGCBG]",
SDCGCGT,"predictor, table1_short, table1_master",Ethnicity,"Cultural or racial origin - (D, G)",Sociodemographics,Ethnicity,Categorical,N/A,"cchs2001_p, cchs2003_p, cchs2005_p, cchs2007_2008_p, cchs2009_2010_p, cchs2011_2012_p, cchs2013_2014_p","cchs2001_p::SDCAGRAC, cchs2003_p::SDCCGRAC, cchs2005_p::SDCEGCGT, [SDCGCGT]",
SDCGRES,intermediate,Time in Canada,"Length/time in Canada since imm. (D, G)",Sociodemographics,Migration,Categorical,N/A,"cchs2001_p, cchs2003_p, cchs2005_p, cchs2007_2008_p, cchs2009_2010_p, cchs2011_2012_p, cchs2013_2014_p","cchs2001_p::SDCAGRES, cchs2003_p::SDCCGRES, cchs2005_p::SDCEGRES, [SDCGRES]",
SLPG01_cont,"predictor, table1_long, table1_master",Hours sleep,No./hours spent sleeping each night,Health behaviour,Sleep,Continuous,N/A,"cchs2001_p, cchs2007_2008_p, cchs2011_2012_p, cchs2013_2014_p","cchs2001_p::GENA_03, cchs2007_2008_p::SLP_01, [SLPG01]",
SMK_01A,intermediate,s100,"In lifetime, smoked 100 or more cigarettes",Health behaviour,Smoking,Categorical,N/A,"cchs2001_p, cchs2003_p, cchs2005_p, cchs2007_2008_p, cchs2009_2010_p, cchs2011_2012_p, cchs2013_2014_p","cchs2001_p::SMKA_01A, cchs2003_p::SMKC_01A, cchs2005_p::SMKE_01A, [SMK_01A]",
SMK_05B,intermediate,cigdayo,# of cigarettes smoked daily - occasional smoker,Health behaviour,Smoking,Continuous,cigarettes,"cchs2001_p, cchs2003_p, cchs2005_p, cchs2007_2008_p, cchs2009_2010_p, cchs2011_2012_p, cchs2013_2014_p","cchs2001_p::SMKA_05B, cchs2003_p::SMKC_05B, cchs2005_p::SMKE_05B, [SMK_05B]",
SMK_05C,intermediate,dayocc,# days smoked at least 1 cigarette,Health behaviour,Smoking,Continuous,days,"cchs2001_p, cchs2003_p, cchs2005_p, cchs2007_2008_p, cchs2009_2010_p, cchs2011_2012_p, cchs2013_2014_p","cchs2001_p::SMKA_05C, cchs2003_p::SMKC_05C, cchs2005_p::SMKE_05C, [SMK_05C]",
SMK_05D,intermediate,evd,Ever smoked cigarettes daily - occasional smoker,Health behaviour,Smoking,Categorical,N/A,"cchs2001_p, cchs2003_p, cchs2005_p, cchs2007_2008_p, cchs2009_2010_p, cchs2011_2012_p, cchs2013_2014_p","cchs2001_p::SMKA_05D, cchs2003_p::SMKC_05D, cchs2005_p::SMKE_05D, [SMK_05D]",
SMK_06A_A,intermediate,stpn,When did you stop smoking daily - never daily,Health behaviour,Smoking,Categorical,Years,cchs2001_p,cchs2001_p::SMKA_06A,
SMK_06A_B,intermediate,stpn,When did you stop smoking daily - occasional,Health behaviour,Smoking,Categorical,Years,"cchs2003_p, cchs2005_p, cchs2007_2008_p, cchs2009_2010_p, cchs2011_2012_p, cchs2013_2014_p","cchs2003_p::SMKC_06A, cchs2005_p::SMKE_06A, [SMK_06A]",
SMK_06A_cont,intermediate,stpn,When did you stop smoking daily - occasional,Health behaviour,Smoking,Continuous,Years,"cchs2001_p, cchs2003_p, cchs2005_p, cchs2007_2008_p, cchs2009_2010_p, cchs2011_2012_p, cchs2013_2014_p","cchs2001_p::SMKA_06A, cchs2003_p::SMKC_06A, cchs2005_p::SMKE_06A, [SMK_06A]",
SMK_09A_A,intermediate,stpd,When did you stop smoking daily - former daily,Health behaviour,Smoking,Categorical,Years,cchs2001_p,cchs2001_p::SMKA_09A,
SMK_09A_B,intermediate,stpd,When did you stop smoking daily - former daily,Health behaviour,Smoking,Categorical,Years,"cchs2003_p, cchs2005_p, cchs2007_2008_p, cchs2009_2010_p, cchs2011_2012_p, cchs2013_2014_p","cchs2003_p::SMKC_09A, cchs2005_p::SMKE_09A, [SMK_09A]",
SMK_09A_cont,intermediate,stpd,When did you stop smoking daily - former daily,Health behaviour,Smoking,Continuous,Years,"cchs2001_p, cchs2003_p, cchs2005_p, cchs2007_2008_p, cchs2009_2010_p, cchs2011_2012_p, cchs2013_2014_p","cchs2001_p::SMKA_09A, cchs2003_p::SMKC_09A, cchs2005_p::SMKE_09A, [SMK_09A]",
SMK_204,intermediate,cigdayd,# of cigarettes smoked daily - daily smoker,Health behaviour,Smoking,Continuous,cigarettes,"cchs2001_p, cchs2003_p, cchs2005_p, cchs2007_2008_p, cchs2009_2010_p, cchs2011_2012_p, cchs2013_2014_p","cchs2001_p::SMKA_204, cchs2003_p::SMKC_204, cchs2005_p::SMKE_204, [SMK_204]",
SMK_208,intermediate,cigdayf,# of cigarettes smoke each day - former daily,Health behaviour,Smoking,Continuous,cigarettes,"cchs2001_p, cchs2003_p, cchs2005_p, cchs2007_2008_p, cchs2009_2010_p, cchs2011_2012_p, cchs2013_2014_p","cchs2001_p::SMKA_208, cchs2003_p::SMKC_208, cchs2005_p::SMKE_208, [SMK_208]",
SMKDSTY,Drop,Smoking status,Type of smoker,Health behaviour,Smoking,Categorical,N/A,"cchs2001_p, cchs2003_p, cchs2005_p, cchs2007_2008_p, cchs2009_2010_p, cchs2011_2012_p, cchs2013_2014_p","cchs2001_p::SMKADSTY, cchs2003_p::SMKCDSTY, cchs2005_p::SMKEDSTY, [SMKDSTY]",
SMKDSTY_A,intermediate,Smoking status,"Type of smoker: daily, occasional, always occasional, former daily, former occasional, never",Health behaviour,Smoking,Categorical,N/A,"cchs2001_p, cchs2003_p, cchs2005_p, cchs2007_2008_p, cchs2009_2010_p, cchs2010_p, cchs2011_2012_p, cchs2012_p, cchs2013_2014_p, cchs2014_p","cchs2001_p::SMKADSTY, cchs2003_p::SMKCDSTY, cchs2005_p::SMKEDSTY, [SMKDSTY]","2015 onwards for smoke status still has 6 categories, but removed 'always occasional' (Never daily current occasional smoker) and added 'experimental' (at least 1 cig, non-smoker now)"
SMKG01C_A,intermediate,agec1,Age smoked first cigarette,Health behaviour,Smoking,Categorical,Years,"cchs2001_p, cchs2003_p","cchs2001_p::SMKAG01C, cchs2003_p::SMKCG01C",
SMKG01C_B,intermediate,agec1,Age smoked first cigarette,Health behaviour,Smoking,Categorical,Years,"cchs2005_p, cchs2007_2008_p, cchs2009_2010_p, cchs2011_2012_p, cchs2013_2014_p","cchs2005_p::SMKEG01C, [SMKG01C]",
SMKG01C_cont,intermediate,agec1,Age smoked first cigarette,Health behaviour,Smoking,Continuous,Years,"cchs2001_p, cchs2003_p, cchs2005_p, cchs2007_2008_p, cchs2009_2010_p, cchs2011_2012_p, cchs2013_2014_p","cchs2001_p::SMKAG01C, cchs2003_p::SMKCG01C, cchs2005_p::SMKEG01C, [SMKG01C]",
SMKG06C,intermediate,stpny,Years since stopped smoking daily - never daily,Health behaviour,Smoking,Categorical,Years,"cchs2003_p, cchs2005_p, cchs2007_2008_p, cchs2009_2010_p, cchs2011_2012_p, cchs2013_2014_p","cchs2003_p::SMKCG06C, cchs2005_p::SMKEG06C, [SMKG06C]",
SMKG09C,intermediate,stpdy,Years since stopped smoking daily - former daily,Health behaviour,Smoking,Categorical,Years,"cchs2003_p, cchs2005_p, cchs2007_2008_p, cchs2009_2010_p, cchs2011_2012_p, cchs2013_2014_p","cchs2003_p::SMKCG09C, cchs2005_p::SMKEG09C, [SMKG09C]",
SMKG203_A,intermediate,agecigd,Age started to smoke daily - daily smoker (G),Health behaviour,Smoking,Categorical,Years,"cchs2001_p, cchs2003_p","cchs2001_p::SMKAG203, cchs2003_p::SMKCG203",
SMKG203_B,intermediate,agecigd,Age started to smoke daily - daily smoker (G),Health behaviour,Smoking,Categorical,Years,"cchs2005_p, cchs2007_2008_p, cchs2009_2010_p, cchs2011_2012_p, cchs2013_2014_p","cchs2005_p::SMKEG203, [SMKG203]",
SMKG203_cont,intermediate,agecigd,Age started to smoke daily - daily smoker (G),Health behaviour,Smoking,Continuous,Years,"cchs2001_p, cchs2003_p, cchs2005_p, cchs2007_2008_p, cchs2009_2010_p, cchs2011_2012_p, cchs2013_2014_p","cchs2001_p::SMKAG203, cchs2003_p::SMKCG203, cchs2005_p::SMKEG203, [SMKG203]",
SMKG207_A,intermediate,agecigfd,Age started to smoke daily - former daily smoker,Health behaviour,Smoking,Categorical,Years,"cchs2001_p, cchs2003_p","cchs2001_p::SMKAG207, cchs2003_p::SMKCG207",
SMKG207_B,intermediate,agecigfd,Age started to smoke daily - former daily smoker,Health behaviour,Smoking,Categorical,Years,"cchs2005_p, cchs2007_2008_p, cchs2009_2010_p, cchs2011_2012_p, cchs2013_2014_p","cchs2005_p::SMKEG207, [SMKG207]",
SMKG207_cont,Drop,agecigfd,Age started to smoke daily - former daily smoker,Health behaviour,Smoking,Continuous,Years,"cchs2001_p, cchs2003_p, cchs2005_p, cchs2007_2008_p, cchs2009_2010_p, cchs2011_2012_p, cchs2013_2014_p","cchs2001_p::SMKAG207, cchs2003_p::SMKCG207, cchs2005_p::SMKEG207, [SMKG207]",
smoke_simple,"predictor, table1_short, table1_master",Simple smoking status,Simple smoking status,Health behaviour,Smoking,Categorical,N/A,"cchs2003_p, cchs2005_p, cchs2007_2008_p, cchs2009_2010_p, cchs2010_p, cchs2011_2012_p, cchs2012_p, cchs2013_2014_p, cchs2014_p, cchs2015_2016_p, cchs2017_2018_p, cchs2009_s, cchs2010_s, cchs2012_s","DerivedVar::[SMKDSTY_cat5, time_quit_smoking]",
SurveyCycle,survey-cycle,Survey year,Represents the survey cycle from where the observation came from,N/A,N/A,Categorical,N/A,"cchs2001_p, cchs2003_p, cchs2005_p, cchs2007_2008_p, cchs2009_2010_p, cchs2010_p, cchs2011_2012_p, cchs2012_p, cchs2013_2014_p, cchs2014_p",DerivedVar::[data_name],
time_quit_smoking,"intermediate, table1_master",Time since quit,Time since quit smoking,Health behaviour,Smoking,Continuous,Years,"cchs2003_p, cchs2005_p, cchs2007_2008_p, cchs2009_2010_p, cchs2010_p, cchs2011_2012_p, cchs2012_p, cchs2013_2014_p, cchs2014_p","DerivedVar::[SMK_09A_B, SMKG09C]",
WTS_M,survey_design,Weight,Weights,N/A,N/A,Continuous,N/A,"cchs2001_p, cchs2003_p, cchs2005_p, cchs2007_2008_p, cchs2009_2010_p, cchs2011_2012_p, cchs2013_2014_p","cchs2001_p::WTSAM, cchs2003_p::WTSC_M, cchs2005_p::WTSE_M, [WTS_M]",
potato_add,"intermediate, z_score",,,Health behaviour,Diet,Continuous,N/A,WorkingData::2,[FVCDPOT],
potato_minus,"intermediate, z_score",,,Health behaviour,Diet,Continuous,N/A,WorkingData::2,[FVCDPOT],
FVCDCAR_Z,intermediate,,,Health behaviour,Diet,Continuous,N/A,WorkingData::3,[FVCDCAR],
FVCDFRU_Z,intermediate,,,Health behaviour,Diet,Continuous,N/A,WorkingData::3,[FVCDFRU],
FVCDJUI_Z,intermediate,,,Health behaviour,Diet,Continuous,N/A,WorkingData::3,[FVCDJUI],
FVCDPOT_Z,intermediate,,,Health behaviour,Diet,Continuous,N/A,WorkingData::3,[FVCDPOT],
FVCDSAL_Z,intermediate,,,Health behaviour,Diet,Continuous,N/A,WorkingData::3,[FVCDSAL],
FVCDVEG_Z,intermediate,,,Health behaviour,Diet,Continuous,N/A,WorkingData::3,[FVCDVEG],
potato_add_Z,intermediate,,,Health behaviour,Diet,Continuous,N/A,WorkingData::3,[potato_add],
potato_minus_Z,intermediate,,,Health behaviour,Diet,Continuous,N/A,WorkingData::3,[potato_minus],
diet_score_simp,"predictor, table1_long",Simplified Diet Score,Simplified Diet Score,Health behaviour,Diet,Continuous,N/A,WorkingData::4,"[FVCDCAR_Z, FVCDFRU_Z, FVCDJUI_Z, FVCDPOT_Z, FVCDSAL_Z, potato_add_Z, potato_minus_Z]

FVCDVEG_z, potato_add_z, potato_minus_z]",