variable,label,labelLong,section,subject,variableType,units,ICES confirmation,databaseStart,variableStart,description
ADL_01,Help preparing meals,Needs help - preparing meals,Health status,ADL,Categorical,N/A,Yes,"cchs2001_p, cchs2003_p, cchs2005_p, cchs2007_2008_p, cchs2009_2010_p, cchs2010_p, cchs2011_2012_p, cchs2012_p, cchs2013_2014_p, cchs2014_p, cchs2009_s, cchs2010_s, cchs2012_s, cchs2001_i, cchs2003_i, cchs2005_i, cchs2007_2008_i, cchs2009_2010_i, cchs2011_2012_i, cchs2013_2014_i","cchs2001_p::RACA_6A, cchs2003_p::RACC_6A, cchs2005_p::RACE_6A, cchs2007_2008_p::RAC_6A, cchs2015_2016_p::ADL_005, cchs2017_2018_p::ADL_005, cchs2001_i::RACA_6A, cchs2003_i::RACC_6A, cchs2005_i::RACE_6A, [ADL_01]",
ADL_02,Help appointments/errands,Needs help - getting to appointments/errands,Health status,ADL,Categorical,N/A,Yes,"cchs2001_p, cchs2003_p, cchs2005_p, cchs2007_2008_p, cchs2009_2010_p, cchs2010_p, cchs2011_2012_p, cchs2012_p, cchs2013_2014_p, cchs2014_p, cchs2009_s, cchs2010_s, cchs2012_s, cchs2001_i, cchs2003_i, cchs2005_i, cchs2007_2008_i, cchs2009_2010_i, cchs2011_2012_i, cchs2013_2014_i","cchs2001_p::RACA_6B, cchs2003_p::RACC_6B1, cchs2005_p::RACE_6B1, cchs2007_2008_p::RAC_6B1, cchs2001_i::RACA_6B, cchs2003_i::RACC_6B1, cchs2005_i::RACE_6B1, cchs2007_2008_i::RAC_6B1, [ADL_02]",
ADL_03,Help housework,Needs help - doing housework,Health status,ADL,Categorical,N/A,Yes,"cchs2001_p, cchs2003_p, cchs2005_p, cchs2007_2008_p, cchs2009_2010_p, cchs2010_p, cchs2011_2012_p, cchs2012_p, cchs2013_2014_p, cchs2014_p, cchs2009_s, cchs2010_s, cchs2012_s, cchs2001_i, cchs2003_i, cchs2005_i, cchs2007_2008_i, cchs2009_2010_i, cchs2011_2012_i, cchs2013_2014_i","cchs2001_p::RACA_6C, cchs2003_p::RACC_6C, cchs2005_p::RACE_6C, cchs2007_2008_p::RAC_6C, cchs2001_i::RACA_6C, cchs2003_i::RACC_6C, cchs2005_i::RACE_6C, cchs2007_2008_i::RAC_6C,[ADL_03]",
ADL_04,Help personal care,Needs help - personal care,Health status,ADL,Categorical,N/A,Yes,"cchs2001_p, cchs2003_p, cchs2005_p, cchs2007_2008_p, cchs2009_2010_p, cchs2010_p, cchs2011_2012_p, cchs2012_p, cchs2013_2014_p, cchs2014_p, cchs2009_s, cchs2010_s, cchs2012_s,  cchs2001_i, cchs2003_i, cchs2005_i, cchs2007_2008_i, cchs2009_2010_i, cchs2011_2012_i, cchs2013_2014_i","cchs2001_p::RACA_6E, cchs2003_p::RACC_6E, cchs2005_p::RACE_6E, cchs2007_2008_p::RAC_6E, cchs2001_i::RACA_6E, cchs2003_i::RACC_6E, cchs2005_i::RACE_6E, cchs2007_2008_i::RAC_6E,[ADL_04]",
ADL_05,Help move inside house,Needs help - moving about inside house,Health status,ADL,Categorical,N/A,Yes,"cchs2001_p, cchs2003_p, cchs2005_p, cchs2007_2008_p, cchs2009_2010_p, cchs2010_p, cchs2011_2012_p, cchs2012_p, cchs2013_2014_p, cchs2014_p, cchs2009_s, cchs2010_s, cchs2012_s, cchs2001_i, cchs2003_i, cchs2005_i, cchs2007_2008_i, cchs2009_2010_i, cchs2011_2012_i, cchs2013_2014_i","cchs2001_p::RACA_6F, cchs2003_p::RACC_6F, cchs2005_p::RACE_6F, cchs2007_2008_p::RAC_6F, cchs2001_i::RACA_6F, cchs2003_i::RACC_6F, cchs2005_i::RACE_6F, cchs2007_2008_i::RAC_6F,[ADL_05]",
ADL_06,Help personal finances,Needs help - looking after finances,Health status,ADL,Categorical,N/A,Yes,"cchs2003_p, cchs2005_p, cchs2007_2008_p, cchs2009_2010_p, cchs2010_p, cchs2011_2012_p, cchs2012_p, cchs2013_2014_p, cchs2014_p, cchs2009_s, cchs2010_s, cchs2012_s, cchs2003_i, cchs2005_i, cchs2007_2008_i, cchs2009_2010_i, cchs2011_2012_i, cchs2013_2014_i","cchs2003_p::RACC_6G, cchs2005_p::RACE_6G, cchs2007_2008_p::RAC_6G, cchs2003_i::RACC_6G, cchs2005_i::RACE_6G, cchs2007_2008_i::RAC_6G, [ADL_06]",
ADL_07,Help heavy household chores,Needs help - heavy household chores,Health status,ADL,Categorical,N/A,Yes,"cchs2001_p, cchs2003_p, cchs2005_p, cchs2001_i, cchs2003_i, cchs2005_i","cchs2001_p::RACA_6D, cchs2003_p::RACC_6D, cchs2005_p::RACE_6D, cchs2001_i::RACA_6D, cchs2003_i::RACC_6D, cchs2005_i::RACE_6D",
ADL_der,Derived help tasks,Derived needs help with tasks,Health status,ADL,Categorical,N/A,,"cchs2001_p, cchs2003_p, cchs2005_p, cchs2007_2008_p, cchs2009_2010_p, cchs2010_p, cchs2011_2012_p, cchs2012_p, cchs2013_2014_p, cchs2014_p, cchs2015_2016_p, cchs2017_2018_p, cchs2009_s, cchs2010_s, cchs2012_s","DerivedVar::[ADL_01, ADL_02, ADL_03, ADL_04, ADL_05]",
ADL_score_5,ADL score ,"Derived using the ADL variables common to all cycles from 2001 to 2014 (ADL_01,  ADL_02,  ADL_03,  ADL_04, ADL_05) to represent the number of tasks that an individual needs help with.",Health status,ADL,Categorical,N/A,,"cchs2001_p, cchs2003_p, cchs2005_p, cchs2007_2008_p, cchs2009_2010_p, cchs2010_p, cchs2011_2012_p, cchs2012_p, cchs2013_2014_p, cchs2014_p, cchs2015_2016_p, cchs2017_2018_p, cchs2009_s, cchs2010_s, cchs2012_s","DerivedVar::[ADL_01, ADL_02, ADL_03, ADL_04, ADL_05]",
ADL_score_6,ADL score ,"Derived using the ADL variables common to all cycles from 2001 to 2014 (ADL_01,  ADL_02,  ADL_03,  ADL_04, ADL_05, ADL_06) to represent the number of tasks that an individual needs help with.",Health status,ADL,Categorical,N/A,Yes,"cchs2001_p, cchs2003_p, cchs2005_p, cchs2007_2008_p, cchs2009_2010_p, cchs2010_p, cchs2011_2012_p, cchs2012_p, cchs2013_2014_p, cchs2014_p, cchs2015_2016_p, cchs2017_2018_p, cchs2009_s, cchs2010_s, cchs2012_s, cchs2001_i, cchs2003_i, cchs2005_i, cchs2007_2008_i, cchs2009_2010_i, cchs2011_2012_i, cchs2013_2014_i","DerivedVar::[ADL_01, ADL_02, ADL_03, ADL_04, ADL_05, ADL_06]",
ALCDTTM,Drinker type (last 12 months),Type of drinker (12 months),Health behaviour,Alcohol,Categorical,N/A,Yes,"cchs2001_p, cchs2003_p, cchs2005_p, cchs2007_2008_p, cchs2009_2010_p, cchs2010_p, cchs2011_2012_p, cchs2012_p, cchs2013_2014_p, cchs2014_p, cchs2015_2016_p, cchs2017_2018_p, cchs2009_s, cchs2010_s, cchs2012_s, cchs2001_i, cchs2003_i, cchs2005_i, cchs2007_2008_i, cchs2009_2010_i, cchs2011_2012_i, cchs2013_2014_i, cchs2015_2016_i, cchs2017_2018_i","cchs2001_p::ALCADTYP, cchs2003_p::ALCCDTYP, cchs2005_p::ALCEDTYP, cchs2015_2016_p::ALCDVTTM, cchs2017_2018_p::ALCDVTTM, cchs2001_i::ALCADTYP, cchs2003_i::ALCCDTYP, cchs2005_i::ALCEDTYP, cchs2015_2016_i::ALCDVTTM, cchs2017_2018_i::ALCDVTTM, [ALCDTTM]",
ALCDTYP_A,Former drinker,Type of drinker,Health behaviour,Alcohol,Categorical,N/A,Yes,"cchs2001_i, cchs2003_i, cchs2005_i, cchs2007_2008_i, cchs2009_2010_i, 2011_2012_i, cchs2013_2014_i, cchs2015_2016_i, cchs2017_2018_i","cchs2001_i::ALCADTYP, cchs2003_i::ALCCDTYP, cchs2005_i::ALCEDTYP, cchs2015_2016_i::ALCDVTTM, cchs2017_2018_i::ALCDVTTM, [ALCDTTM]",
ALWDWKY,Drinks last week,Weekly consumption of alcohol,Health behaviour,Alcohol,Continuous,drinks/week,Yes,"cchs2001_p, cchs2003_p, cchs2005_p, cchs2007_2008_p, cchs2009_2010_p, cchs2010_p, cchs2011_2012_p, cchs2012_p, cchs2013_2014_p, cchs2014_p, cchs2015_2016_p, cchs2017_2018_p, cchs2009_s, cchs2010_s, cchs2012_s, cchs2001_i, cchs2003_i, cchs2005_i, cchs2007_2008_i, cchs2009_2010_i, cchs2011_2012_i, cchs2013_2014_i, cchs2015_2016_i, cchs2017_2018_i","cchs2001_p::ALCADWKY, cchs2003_p::ALCCDWKY, cchs2005_p::ALCEDWKY, cchs2015_2016_p::ALWDVWKY, cchs2017_2018_p::ALWDVWKY, cchs2001_i::ALCADWKY, cchs2003_i::ALCCDWKY, cchs2005_i:: ALCEDWKY, cchs2015_2016_i::ALWDVWKY, cchs2017_2018_i::ALWDVWKY, [ALWDWKY]",
CCC_071,Hypertension,Do you have high blood pressure?,Health status,Chronic condition,Categorical,N/A,Yes,"cchs2001_p, cchs2003_p, cchs2005_p, cchs2007_2008_p, cchs2009_2010_p, cchs2010_p, cchs2011_2012_p, cchs2012_p, cchs2013_2014_p, cchs2014_p, cchs2015_2016_p, cchs2017_2018_p, cchs2009_s, cchs2010_s, cchs2012_s, cchs2001_i, cchs2003_i, cchs2005_i, cchs2007_2008_i, cchs2009_2010_i, cchs2011_2012_i, cchs2013_2014_i, cchs2015_2016_i, cchs2017_2018_i ","cchs2001_p::CCCA_071, cchs2003_p::CCCC_071, cchs2005_p::CCCE_071, cchs2015_2016_p::CCC_065, cchs2017_2018_p::CCC_065, cchs2001_i::CCCA_071, cchs2003_i::CCCC_071, cchs2005_i::CCCE_071, cchs2015_2016_i::CCC_065, cchs2017_2018_i::CCC_065,[CCC_071]",
CCC_091,COPD/Emphysema/Bronchitis,"Do you have COPD (eg bronchitis, emphysema)?",Health status,Chronic condition,Categorical,N/A,Yes,"cchs2001_p, cchs2003_p, cchs2009_2010_p, cchs2010_p, cchs2011_2012_p, cchs2012_p, cchs2013_2014_p, cchs2014_p, cchs2015_2016_p, cchs2017_2018_p, cchs2009_s, cchs2010_s, cchs2012_s, cchs2001_i, cchs2003_i, cchs2005_i, cchs2007_2008_i, cchs2009_2010_i, cchs2011_2012_i, cchs2013_2014_i, cchs2015_2016_i, cchs2017_2018_i","cchs2001_p::CCCA_91B, cchs2003_p::CCCC_91B, cchs2015_2016_p::CCC_030, cchs2017_2018_p::CCC_030, cchs2001_i::CCCA_91B, cchs2003_i::CCCC_91B, cchs2005_i::CCCE_91F, cchs2007_2008_i::CCC_91F, cchs2015_2016_i::CCC_030, cchs2017_2018_i::CCC_030, [CCC_091]",
CCC_101,Diabetes,Do you have diabetes?,Health status,Chronic condition,Categorical,N/A,Yes,"cchs2001_p, cchs2003_p, cchs2005_p, cchs2007_2008_p, cchs2009_2010_p, cchs2010_p, cchs2011_2012_p, cchs2012_p, cchs2013_2014_p, cchs2014_p, cchs2015_2016_p, cchs2017_2018_p, cchs2009_s, cchs2010_s, cchs2012_s, cchs2001_i, cchs2003_i, cchs2005_i, cchs2007_2008_i, cchs2009_2010_i, cchs2011_2012_i, cchs2013_2014_i, cchs2015_2016_i, cchs2017_2018_i","cchs2001_p::CCCA_101, cchs2003_p::CCCC_101, cchs2005_p::CCCE_101, cchs2015_2016_p::CCC_095, cchs2017_2018_p::CCC_095, cchs2001_i::CCCA_101, cchs2003_i::CCCC_101, cchs2005_i::CCCE_101, cchs2015_2016_i::CCC_095, cchs2017_2018_i::CCC_095,[CCC_101]",
CCC_111,Epilepsy,Do you have epilepsy?,Health status,Chronic condition,Categorical,N/A,Yes,"cchs2001_p, cchs2003_p, cchs2005_p, cchs2001_i, cchs2003_i, cchs2005_i","cchs2001_p::CCCA_111, cchs2003_p::CCCC_111, cchs2005_p::CCCE_111, cchs2001_i::CCCA_111, cchs2003_i::CCCC_111, cchs2005_i::CCCE_111",
CCC_121,Heart Disease,Do you have heart disease?,Health status,Chronic condition,Categorical,N/A,Yes,"cchs2001_p, cchs2003_p, cchs2005_p, cchs2007_2008_p, cchs2009_2010_p, cchs2010_p, cchs2011_2012_p, cchs2012_p, cchs2013_2014_p, cchs2014_p, cchs2015_2016_p, cchs2017_2018_p, cchs2009_s, cchs2010_s, cchs2012_s, cchs2001_i, cchs2003_i, cchs2005_i, cchs2007_2008_i, cchs2009_2010_i, cchs2011_2012_i, cchs2013_2014_i, cchs2015_2016_i, cchs2017_2018_i","cchs2001_p::CCCA_121, cchs2003_p::CCCC_121, cchs2005_p::CCCE_121, cchs2015_2016_p::CCC_085, cchs2017_2018_p::CCC_085, cchs2001_i::CCCA_121, cchs2003_i::CCCC_121, cchs2005_i::CCCE_121, cchs2015_2016_i::CCC_085, cchs2017_2018_i::CCC_085,[CCC_121]",
CCC_151,Stroke,Do you suffer from effects of stroke?,Health status,Chronic condition,Categorical,N/A,Yes,"cchs2001_p, cchs2003_p, cchs2005_p, cchs2007_2008_p, cchs2009_2010_p, cchs2010_p, cchs2011_2012_p, cchs2012_p, cchs2013_2014_p, cchs2014_p, cchs2015_2016_p, cchs2017_2018_p, cchs2009_s, cchs2010_s, cchs2012_s, cchs2001_i, cchs2003_i, cchs2005_i, cchs2007_2008_i, ccsh2009_2010_i, cchs2011_2012_i, cchs2013_2014_i, cchs2015_2016_i, cchs2017_2018_i","cchs2001_p::CCCA_151, cchs2003_p::CCCC_151, cchs2005_p::CCCE_151, cchs2015_2016_p::CCC_090, cchs2017_2018_p::CCC_090, cchs2001_i::CCCA_151, cchs2003_i::CCCC_151, cchs2005_i::CCCE_151, cchs2015_2016_i::CCC_090, cchs2017_2018_i::CCC_090,[CCC_151]",
CCC_280,Mood disorder,Do you have a mood disorder?,Health status,Chronic condition,Categorical,N/A,Yes,"cchs2003_p, cchs2005_p, cchs2007_2008_p, cchs2009_2010_p, cchs2010_p, cchs2011_2012_p, cchs2012_p, cchs2013_2014_p, cchs2014_p, cchs2015_2016_p, cchs2017_2018_p, cchs2009_s, cchs2010_s, cchs2012_s, cchs2003_i, cchs2005_i, cchs2007_2008_i, cchs2009_2010_i, cchs2011_2012_i, cchs2013_2014_i, cchs2015_2016_i, cchs2017_2018_i","cchs2003_p::CCCC_280, cchs2005_p::CCCE_280, cchs2015_2016_p::CCC_195, cchs2017_2018_p::CCC_195, cchs2003_i::CCCC_280, cchs2005_i::CCCE_280, cchs2015_2016_i::CCC_195, cchs2017_2018_i::CCC_195, [CCC_280]",
DHH_AGE,Age,Age,Demographics,Age,Continuous,Years,Yes,"cchs2009_s, cchs2010_s, cchs2012_s, cchs2001_i, cchs2003_i, cchs2005_i, cchs2007_2008_i, cchs2009_2010_i, cchs2011_2012_i, cchs2013_2014_i, cchs2015_2016_i, cchs2017_2018_i","cchs2001_i::DHHA_AGE, cchs2003_i::DHHC_AGE, cchs2005_i::DHHE_AGE, [DHH_AGE]",Continuous age variable for shared files and ICES
DHH_SEX,Sex,Sex,Demographics,Sex,Categorical,N/A,Yes,"cchs2001_p, cchs2003_p, cchs2005_p, cchs2007_2008_p, cchs2009_2010_p, cchs2010_p, cchs2011_2012_p, cchs2012_p, cchs2013_2014_p, cchs2014_p, cchs2015_2016_p, cchs2017_2018_p, cchs2009_s, cchs2010_s, cchs2012_s, cchs2001_i, cchs2003_i, cchs2005_i, cchs2007_2008_i, cchs2009_2010_i, cchs2011_2012_i, cchs2013_2014_i, cchs2015_2016_i, cchs2017_2018_i","cchs2001_p::DHHA_SEX, cchs2003_p::DHHC_SEX, cchs2005_p::DHHE_SEX, cchs2001_i::DHHA_SEX, cchs2003_i::DHHC_SEX, cchs2005_i::DHHE, [DHH_SEX]",
DHH_MS,Marital status,Marital status,Sociodemographics,Marital Status,Categorical,N/A,Yes,"cchs2001_i, cchs2003_i, cchs2005_i, cchs2007_2008_i, cchs2009_2010_i, cchs2011_2012_i, cchs2013_2014_i, cchs2015_2016_i, cchs2017_2018_i","cchs2001_i::DHHA_MS, cchs2003_i::DHHC_MS, cchs2005_i::DHHE_MS, [DHH_MS]",Categorical Marital Status
DHH_MS_A,Marital status,Marital status,Sociodemographics,Marital Status,Categorical,N/A,Yes,"cchs2001_i, cchs2003_i, cchs2005_i, cchs2007_2008_i, cchs2009_2010_i, cchs2011_2012_i, cchs2013_2014_i, cchs2015_2016_i, cchs2017_2018_i","cchs2001_i::DHHA_MS, cchs2003_i::DHHC_MS, cchs2005_i::DHHE_MS, [DHH_MS]",Categorical Marital Status with DemPoRt specific categories
EDUDR04,Highest education,Highest level/education - 4 categories,Sociodemographics,Education,Categorical,N/A,Yes,"cchs2001_p, cchs2003_p, cchs2005_p, cchs2007_2008_p, cchs2009_2010_p, cchs2010_p, cchs2011_2012_p, cchs2012_p, cchs2013_2014_p, cchs2014_p, cchs2009_s, cchs2010_s, cchs2012_s, cchs2001_i, cchs2003_i, cchs2005_i, cchs2007_2008_i, cchs2009_2010_i, cchs2011_2012_i, cchs2013_2014_i, cchs2015_2016_i, cchs2017_2018_i","cchs2001_p::EDUADR04, cchs2003_p::EDUCDR04, cchs2005_p::EDUEDR04, cchs2001_i::EDUADR04, cchs2003_i::EDUCDR04, cchs2005_i::EDUEDR04, cchs2015_2016_i::EHG2DVR3, cchs2017_2018_i::EHG2DVR3, [EDUDR04]",
FVCDJUI,Juice consumption,Daily consumption - fruit juice (D),Health behaviour,Diet,Continuous,N/A,Yes,"cchs2001_p, cchs2003_p, cchs2005_p, cchs2007_2008_p, cchs2009_2010_p, cchs2010_p, cchs2011_2012_p, cchs2012_p, cchs2013_2014_p, cchs2014_p, cchs2015_2016_p, cchs2017_2018_p, cchs2009_s, cchs2010_s, cchs2012_s, cchs2001_i, cchs2003_i, cchs2005_i, cchs2007_2008_i, cchs2009_2010_i, cchs2011_2012_i, cchs20013_2014_i, cchs2015_2016_i","cchs2001_p::FVCADJUI, cchs2003_p::FVCCDJUI, cchs2005_p::FVCEDJUI, cchs2015_2016_p::FVCDVJUI, cchs2017_2018_p::FVCDVJUI, cchs2001_i::FVCADJUI, cchs2003_i::FVCCDJUI, cchs2005_i::FVCEDJUI, cchs2015_2016_i::FVCDVJUI, [FVCDJUI]",
FVCDPOT,Potato consumption,Daily consumption - potatoes (D),Health behaviour,Diet,Continuous,N/A,Yes,"cchs2001_p, cchs2003_p, cchs2005_p, cchs2007_2008_p, cchs2009_2010_p, cchs2010_p, cchs2011_2012_p, cchs2012_p, cchs2013_2014_p, cchs2014_p, cchs2015_2016_p, cchs2017_2018_p, cchs2009_s, cchs2010_s, cchs2012_s, cchs2001_i, cchs2003_i, cchs2005_i, cchs2007_2008_i, cchs2009_2010_i, cchs2011_2012_i, cchs20013_2014_i, cchs2015_2016_i","cchs2001_p::FVCADPOT, cchs2003_p::FVCCDPOT, cchs2005_p::FVCEDPOT, cchs2015_2016_p::FVCDVPOT, cchs2017_2018_p::FVCDVPOT,cchs2001_i::FVCADPOT, cchs2003_i::FVCCDPOT, cchs2005_i::FVCEDPOT, cchs2015_2016_i::FVCDVPOT, [FVCDPOT]",
FVCDTOT,Total fruit/veg consumption,Daily consumptoin - total fruits and veg. - (D),Health behaviour,Diet,Continuous,N/A,Yes,"cchs2001_p, cchs2003_p, cchs2005_p, cchs2007_2008_p, cchs2009_2010_p, cchs2010_p, cchs2011_2012_p, cchs2012_p, cchs2013_2014_p, cchs2014_p, cchs2015_2016_p, cchs2017_2018_p, cchs2009_s, cchs2010_s, cchs2012_s, cchs2001_i, cchs2003_i, cchs2005_i, cchs2007_2008_i, cchs2009_2010_i, cchs2011_2012_i, cchs20013_2014_i, cchs2015_2016_i","cchs2001_p::FVCADTOT, cchs2003_p::FVCCDTOT, cchs2005_p::FVCEDTOT, cchs2015_2016_p::FVCDVTOT, cchs2017_2018_p::FVCDVTOT, cchs2001_i::FVCADTOT, cchs2003_i::FVCCDTOT, cchs2005_i::FVCEDTOT, cchs2015_2016_i::FVCDVTOT,[FVCDTOT]",
GEN_01,Self-perceived health,Self-perceived health,Health status,Self-perceived health,Categorical,N/A,Yes,"cchs2001_p, cchs2003_p, cchs2005_p, cchs2007_2008_p, cchs2009_2010_p, cchs2010_p, cchs2011_2012_p, cchs2012_p, cchs2013_2014_p, cchs2014_p, cchs2015_2016_p, cchs2017_2018_p, cchs2009_s, cchs2010_s, cchs2012_s, cchs2001_i, cchs2003_i, cchs2005_i, cchs2007_2008_i, cchs2009_2010_i, cchs2011_2012_i, cchs2013_2014_i, cchs2015_2016_i, cchs2017_2018_i","cchs2001_p::GENA_01, cchs2003_p::GENC_01, cchs2005_p::GENE_01, cchs2015_2016_p::GEN_005, cchs2017_2018_p::GEN_005, cchs2001_i::GENA_i, cchs2003_i::GENC_01, cchs2005_i::GENE_01, cchs2015_2016_i::GEN_005, cchs2017_2018_i::GEN_005, [GEN_01]",
GEN_07,Self-perceived life stress,Self-perceived life stress,Health status,Mental health,Categorical,N/A,Yes,"cchs2001_p, cchs2003_p, cchs2005_p, cchs2007_2008_p, cchs2009_2010_p, cchs2010_p, cchs2011_2012_p, cchs2012_p, cchs2013_2014_p, cchs2014_p, cchs2015_2016_p, cchs2017_2018_p, cchs2009_s, cchs2010_s, cchs2012_s, cchs2001_i, cchs2003_i, cchs2005_i, cchs2007_2008_i, cchs2009_2010_i, cchs2011_2012_i, cchs2013_2014_i, cchs2015_2016_i, cchs2017_2018_i","cchs2001_p::GENA_07, cchs2003_p::GENC_07, cchs2005_p::GENE_07, cchs2015_2016_p::GEN_020, cchs2017_2018_p:: GEN_020, cchs2001_i::GENA_07, cchs2003_i::GENC_07, cchs2005_i::GENE_07, cchs2015_2016_i::GEN_020, cchs2017_2018_i:: GEN_020, [GEN_07]",
GEN_10,Sense of belonging,Sense of belonging in the community,Health status,Mental health,Categorical,N/A,Yes,"cchs2001_p, cchs2003_p, cchs2005_p, cchs2007_2008_p, cchs2009_2010_p, cchs2010_p, cchs2011_2012_p, cchs2012_p, cchs2013_2014_p, cchs2014_p, cchs2015_2016_p, cchs2017_2018_p, cchs2009_s, cchs2010_s, cchs2012_s, cchs2001_i, cchs2003_i, cchs2005_i, cchs2007_2008_i, cchs2009_2010_i, cchs2011_2012_i, cchs2013_2014_i, cchs2015_2016_i, cchs2017_2018_i","cchs2001_p::GENA_10, cchs2003_p::GENC_10, cchs2005_p::GENE_10, cchs2015_2016_p::GEN_030, cchs2017_2018_p::GEN_030, cchs2001_i::GENA_01, cchs2003_i::GENC_01, cchs2005_i::GENE_01, cchs2015_2016_i::GEN_030, cchs2017_2018_i::GEN_030, [GEN_10]",
HUI06,HUI Hearing ability - in a group without a hearing aid,Hearing ability ,Health status,Health utility index,Categorical,N/A,Yes,"cchs2001_i, cchs2003_i, cchs_2009_2010_i, cchs2013_2014_i","cchs2001_i::HUIA_06, cchs2003_i::HUAC_06, [HUI_06]",
HUI07,HUI Hearing ability - in a group with a hearing aid,Hearing ability ,Health status,Health utility index,Categorical,N/A,Yes,"cchs2001_i, cchs2003_i, cchs_2009_2010_i, cchs2013_2014_i","cchs2001_i::HUIA_07, cchs2003_i::HUIC_07, [HUI_07]",
HUI07A,HUI Hearing ability -able to hear,Hearing ability ,Health status,Health utility index,Categorical,N/A,Yes,"cchs2001_i, cchs2003_i, cchs_2009_2010_i, cchs2013_2014_i, cchs_2017_2018_i","cchs2001_i::HUIA_07A, cchs2003_i::HUIC_07A, cchs2017_2018_i::WDM_101, [HUI_07A]",
HUI08,HUI Hearing ability - able to hear in a quiet room without hearing aid,Hearing ability ,Health status,Health utility index,Categorical,N/A,Yes,"cchs2001_i, cchs2003_i, cchs_2009_2010_i, cchs2013_2014_i","cchs2001_i::HUIA_08, cchs2003_i::HUIC_08, [HUI_08]",
HUI09,HUI Hearing ability - able to hear in a quiet room with hearing aid,Hearing ability ,Health status,Health utility index,Categorical,N/A,Yes,"cchs2001_i, cchs2003_i, cchs_2009_2010_i, cchs2013_2014_i","cchs2001_i::HUIA_08, cchs2003_i::HUIC_08, [HUI_08]",
HWTGBMI,BMI,"BMI / self-report - (D,G)",Health status,BMI,Continuous,kg/m2,Yes,"cchs2001_p, cchs2003_p, cchs2005_p, cchs2007_2008_p, cchs2009_2010_p, cchs2010_p, cchs2011_2012_p, cchs2012_p, cchs2013_2014_p, cchs2014_p, cchs2015_2016_p, cchs2017_2018_p, cchs2009_s, cchs2010_s, cchs2012_s, cchs2001_i, cchs2011_2012_i, cchs2013_2014_i","cchs2001_p::HWTAGBMI, cchs2003_p::HWTCGBMI, cchs2005_p::HWTEGBMI, cchs2015_2016_p::HWTDGBMI, cchs2017_2018_p::HWTDGBMI, cchs2009_s::HWTDBMI, cchs2010_s::HWTDBMI, cchs2012_s::HWTDBMI, cchs2001_i::HWTAGBMI,   [HWTGBMI]",
HWTDBMI,BMI,"BMI / self-report - (D,G)",Health status,BMI,Continuous,kg/m2,Yes,"cchs2001_i, cchs2003_i, cchs2005_i, cchs2007_2008_i, cchs2009_2010_i, cchs2011_2012_i,  cchs2013_2014_i, cchs2015_2016_i, cchs2017_2018_i","cchs2001_i::HWTADBMI, cchs2003_i::HWTCDBMI, cchs2005_i::HWTEDBMI, cchs2015_2016_i::HWTDVBMI, cchs2017_2018_i::HWTDVBMI, [HWTDBMI]",
HWTDBMI_der,BMI,"BMI / self-report - (D,G)",Health status,BMI,Continuous,kg/m2,Yes,"cchs2001_i, cchs2003_i, cchs2005_i, cchs2007_2008_i, cchs2009_2010_i, cchs2011_2012_i,  cchs2013_2014_i, cchs2015_2016_i, cchs2017_2018_i","DerivedVar::[HWTDHTM, HWTDWTK]",
HWTDBMI_der_cat4,BMI,"BMI / self-report - (D,G)",Health status,BMI,Categorical,kg/m2,Yes,"cchs2001_i, cchs2003_i, cchs2005_i, cchs2007_2008_i, cchs2009_2010_i, cchs2011_2012_i,  cchs2013_2014_i, cchs2015_2016_i, cchs2017_2018_i",DerivedVar::HWTDBMI_der_cat4,
HWTDHTM,Height,Height (metres)/self-reported - (D),Health status,Height,Continuous,meters,Yes,"cchs_2001_i, cchs_2003_i, cchs_2005_i, cchs2007_2008_i, cchs2009_2010_i, cchs2011_2012_i, cchs2013_2014_i, cchs2015_2016_i, cchs2017_2018_i","cchs2001_i::HWTADHTM, cchs_2003_i::HWTCDHTM, cchs_2005_i::HWTEDHTM, 2015_2016_i::HWTDVHTM, cchs2017_2018_i::HTWDVHTM, [HWTDHTM]",
HWTDWTK,Weight,Weight - kilograms (D),Health status,Weight,Continuous,kg,Yes,"cchs2001_i, cchs2003_i, cchs2005_i, cchs2007_2008_i, cchs2009_2010_i, cchs2011_2012_i, cchs2013_2014_i, ccsh2015_2016_i, cchs2017_2018_i","cchs2001_i::HWTADWTK, cchs2003_i::HWTCDWTK, cchs2005_i::HWTEDWTK, cchs2015_2016_i::HWTDVWTK, cchs2017_2018_i::HWTDVWTK, [HWTDWTK]",
PACFLEI,Leisure physical activites,Leisure physical activity,Health behaviour,Exercise,Categorical,N/A,Yes,"cchs2001_i, cchs2005_i, cchs2007_2008_i, cchs2009_2010_i, cchs2011_2012_i, cchs2013_2014_i","cchs2001_i::PACAFLEI, cchs2005_i::PACEFLEI, [PACFLEI]",
RAC_6D,Needs help - heavy housework,Needs help - heavy housework,Health status,Health status,Categorical,N/A,Yes,"cchs2001_i, cchs2003_i, cchs2005_i","cchs2001_i::RACA_6D, cchs2003_i::RACC_6D, cchs2005_i::RACE_6D",
SDCFIMM,Immigrant status,Immigrant Status (D),Sociodemographics,Migration,Categorical,N/A,Yes,"cchs2001_p, cchs2003_p, cchs2005_p, cchs2007_2008_p, cchs2009_2010_p, cchs2010_p, cchs2011_2012_p, cchs2012_p, cchs2013_2014_p, cchs2014_p, cchs2015_2016_p, cchs2017_2018_p, cchs2009_s, cchs2010_s, cchs2012_s, cchs2001_i, cchs2003_i, cchs2005_i, cchs2007_2008_i, cchs2009_2010_i, cchs2011_2012_i, cchs2013_2014_i, cchs2015_2016_i, cchs2017_2018_i cchs2012_s","cchs2001_p::SDCAFIMM, cchs2003_p::SDCCFIMM, cchs2005_p::SDCEFIMM, cchs2015_2016_p::SDCDVIMM, cchs2017_2018_p::SDCDVIMM, cchs2001_i::SDCAFIMM, cchs2003_i::SDCCFIMM, cchs2005_i::SDCEFIMM, cchs2015_2016::SDCDVIMM, cchs2017_2018_i::SDCDVIMM, [SDCFIMM]",
SDCGCGT,Ethnicity,"Cultural or racial origin - (D, G)",Sociodemographics,Ethnicity,Categorical,N/A,Yes,"cchs2001_p, cchs2003_p, cchs2005_p, cchs2007_2008_p, cchs2009_2010_p, cchs2010_p, cchs2011_2012_p, cchs2012_p, cchs2013_2014_p, cchs2014_p, cchs2015_2016_p, cchs2017_2018_p, cchs2001_i, cchs2005_i,  cchs2011_2012_i, cchs2013_2014_i, cchs2015_2016_i, cchs2017_2018_i","cchs2001_p::SDCAGRAC, cchs2003_p::SDCCGRAC, cchs2005_p::SDCEGCGT, cchs2015_2016_p::SDCDGCGT, cchs2017_2018_p::SDCDGCGT, cchs2001_i::SDCAGRAC, cchs2003_i::SDCCDRAC, cchs_2005_i:: SDCEGCGT, cchs2015_2016_i::SDCDVCGT, cchs2017_2018_i::SDCDVCGT, [SDCGCGT]",
SDCDGT_A,Ethnicity,Cultural or racial origin - (D),Sociodemographics,Ethnicity,Categorical,N/A,Yes,"cchs2003_i, cchs2005_i, cchs2007_2008_i, cchs2009_2010_i, cchs2011_2012_i, cchs2013_2014_i, cchs2015_2016_i, cchs2017_2018_i ","cchs2003_i::SDCCDRAC, cchs2005_i::SDCEDCGT, cchs2015_2016_i::SDCDVCGT, cchs2017_2018_i::SDCDVCGT,  [SDCDCGT] ",
SDCDGT_B,Ethnicity,Cultural origin,Sociodemographics,Ethnicity,Categorical,N/A,Yes,"cchs2003_i, cchs2005_i, cchs2007_2008_i, cchs2009_2010_i, cchs2011_2012_i, cchs2013_2014_i, cchs2015_2016_i, cchs2017_2018_i","cchs2003_i::SDCCDRAC, cchs2005_i::SDCEDCGT, cchs2015_2016_i::SDCDVCGT, cchs2017_2018_i::SDCDVCGT, [SDCDCGT] ",
SLP_02,Trouble sleeping,Freq. - trouble sleeping,Health behaviour,Sleep,Categorical,N/A,Yes,"cchs2007_2008_p, cchs2011_2012_p, cchs2012_p, cchs2013_2014_p, cchs2014_p, cchs2015_2016_p, cchs2017_2018_p, cchs2012_s, cchs2011_2012_i, cchs2013_2014_i, cchs2015_2016_i","cchs2015_2016_p::SLP_010, cchs2017_2018_p::SLP_010, cchs2015_2016_i::SLP_010, [SLP_02]",
SLP_02_A,Trouble sleeping,Freq. - trouble sleeping,Health behaviour,Sleep,Categorical,N/A,Yes,"cchs2001_p, cchs2001_i",[GENA_04],
SLP_03,Sleep refreshing,Freq. - find sleep refreshing,Health behaviour,Sleep,Categorical,N/A,Yes,"cchs2007_2008_p, cchs2011_2012_p, cchs2012_p, cchs2013_2014_p, cchs2014_p, cchs2015_2016_p, cchs2017_2018_p, cchs2012_s, cchs2011_2012_i, cchs2013_2014_i, cchs2015_2016_i","cchs2015_2016_p::SLP_015, cchs2017_2018_p::SLP_015, cchs2015_2016_i::SLP_015, [SLP_03]",
SLP_03_A,Sleep refreshing,Freq. - find sleep refreshing,Health behaviour,Sleep,Categorical,N/A,Yes,"cchs2001_p, cchs2001_i",[GENA_05],
SLPG01_B,Hours sleep,No./hours spent sleeping each night,Health behaviour,Sleep,Categorical,N/A,Yes,"cchs2011_2012_i, cchs2013_2014_i",[SLPG01],
SLPG01_C,Hours sleep,No./hours spent sleeping each night,Health behaviour,Sleep,Categorical,N/A,Yes,"cchs2001_i, cchs2015_2016_i","cchs2001_i::GENA_03, cchs2015_2016_i::SLP_009",
SMK_01A,s100,"In lifetime, smoked 100 or more cigarettes",Health behaviour,Smoking,Categorical,N/A,Yes,"cchs2001_p, cchs2003_p, cchs2005_p, cchs2007_2008_p, cchs2009_2010_p, cchs2010_p, cchs2011_2012_p, cchs2012_p, cchs2013_2014_p, cchs2014_p, cchs2015_2016_p, cchs2017_2018_p, cchs2009_s, cchs2010_s, cchs2012_s, cchs2001_i, cchs2003_i, cchs2005_i, cchs2007_2008_i, cchs2009_2010_i, cchs2011_2012_i, cchs2013_2014_i, cchs2015_2016_i, cchs2017_2018_i","cchs2001_p::SMKA_01A, cchs2003_p::SMKC_01A, cchs2005_p::SMKE_01A, cchs2015_2016_p::SMK_020, cchs2017_2018_p::SMK_020, cchs2001_i::SMKA_01A, cchs2003_i::SMKC_01A, cchs2005_i::SMKE_01A, cchs2015_2016_i::SMK_020, cchs2017_2018_i::SMK_020, [SMK_01A]",
SMK_05B,cigdayo,# of cigarettes smoked daily - occasional smoker,Health behaviour,Smoking,Continuous,cigarettes,Yes,"cchs2001_p, cchs2003_p, cchs2005_p, cchs2007_2008_p, cchs2009_2010_p, cchs2010_p, cchs2011_2012_p, cchs2012_p, cchs2013_2014_p, cchs2014_p, cchs2015_2016_p, cchs2017_2018_p, cchs2009_s, cchs2010_s, cchs2012_s, cchs2001_i, cchs2003_i, cchs2005_i, cchs2007_2008_i, cchs2009_2010_i, cchs2011_2012_i, cchs2013_2014_i, cchs2015_2016_i, cchs2017_2018_i","cchs2001_p::SMKA_05B, cchs2003_p::SMKC_05B, cchs2005_p::SMKE_05B, cchs2015_2016_p::SMK_050, cchs2017_2018_p::SMK_050, [SMK_05B], cchs2001_1::SMKA_05B, cchs2003_i::SMKC_05B, cchs2005_i::SMKE_05B, cchs2015_2016_i::SMK_050, cchs2017_2018_i::SMK_050, [SMK_05B]",
SMK_05C,Number of days - smoked 1 cigarette or more (occ. smoker),"In the past month, on how many days have you smoked 1 or more cigarettes?",Health behaviour,Smoking,Continuous,days,Yes,"cchs2001_p, cchs2003_p, cchs2005_p, cchs2007_2008_p, cchs2009_2010_p, cchs2010_p, cchs2011_2012_p, cchs2012_p, cchs2013_2014_p, cchs2014_p, cchs2015_2016_p, cchs2017_2018_p, cchs2009_s, cchs2010_s, cchs2012_s, cchs2001_i, cchs2003_i, cchs2005_i, cchs2007_2008_i, cchs2009_2010_i, cchs2011_2012_i, cchs2013_2014_i, cchs2015_2016_i, cchs2017_2018_i","cchs2001_p::SMKA_05C, cchs2003_p::SMKC_05C, cchs2005_p::SMKE_05C, cchs2015_2016_p::SMK_055, cchs2017_2018_p::SMK_055, [SMK_05C], cchs2001_i::SMKA_05C, cchs2003_i::SMKC_05C, cchs2005_i::SMKE_05C, cchs2015_2016_i::SMK_055, cchs2017_2018_i::SMK_055, [SMK_05C]",
SMK_09A_cont,stpd,When did you stop smoking daily - former daily,Health behaviour,Smoking,Continuous,Years,Yes,"cchs2001_p, cchs2003_p, cchs2005_p, cchs2007_2008_p, cchs2009_2010_p, cchs2010_p, cchs2011_2012_p, cchs2012_p, cchs2013_2014_p, cchs2014_p, cchs2015_2016_p, cchs2017_2018_p, cchs2009_s, cchs2010_s, cchs2012_s, cchs2001_i, cchs2003_i, cchs2005_i, cchs2007_2008_i, cchs2009_2010_i, cchs2011_2012_i, cchs2013_2014_i, cchs2015_2016_i, cchs2017_2018_i","cchs2001_p::SMKA_09A, cchs2003_p::SMKC_09A, cchs2005_p::SMKE_09A, cchs2015_2016_p::SMK_080, cchs2017_2018_p::SMK_080, cchs2001_i::SMKA_09A, cchs2003_i::SMKC_09A, cchs2005_i::SMKE_09A, cchs2015_2016_i::SMK_080, cchs2017_2018_i::SMK_080, [SMK_09A]",
SMK_204,cigdayd,# of cigarettes smoked daily - daily smoker,Health behaviour,Smoking,Continuous,cigarettes,Yes,"cchs2001_p, cchs2003_p, cchs2005_p, cchs2007_2008_p, cchs2009_2010_p, cchs2010_p, cchs2011_2012_p, cchs2012_p, cchs2013_2014_p, cchs2014_p, cchs2015_2016_p, cchs2017_2018_p, cchs2009_s, cchs2010_s, cchs2012_s, cchs2001_i, cchs2003_i, cchs2005_i, cchs2007_2008_i, cchs2009_2010_i, cchs2011_2012_i, cchs2013_2014_i, cchs2015_2016_i, cchs2017_2018_i","cchs2001_p::SMKA_204, cchs2003_p::SMKC_204, cchs2005_p::SMKE_204, cchs2015_2016_p::SMK_045, cchs2017_2018_p::SMK_045, [SMK_204]",
SMK_208,# of cigarettes smoke each day - former daily,# of cigarettes smoked each day - former daily smoker,Health behaviour,Smoking,Continuous,cigarettes,Yes,"cchs2001_p, cchs2003_p, cchs2005_p, cchs2007_2008_p, cchs2009_2010_p, cchs2010_p, cchs2011_2012_p, cchs2012_p, cchs2013_2014_p, cchs2014_p, cchs2015_2016_p, cchs2017_2018_p, cchs2009_s, cchs2010_s, cchs2012_s, cchs2001_i, cchs2003_i, cchs2005_i, cchs2007_2008_i, cchs2009_2010_i, cchs2011_2012_i, cchs2013_2014_i, cchs2015_2016_i, cchs2017_2018_i","cchs2001_p::SMKA_208, cchs2003_p::SMKC_208, cchs2005_p::SMKE_208, cchs2015_2016_p::SMK_075, cchs2017_2018_p::SMK_075, [SMK_208]",
SMKDSTY_A,Smoking status,"Type of smoker: daily, occasional, always occasional, former daily, former occasional, never",Health behaviour,Smoking,Categorical,N/A,Yes,"cchs2001_p, cchs2003_p, cchs2005_p, cchs2007_2008_p, cchs2009_2010_p, cchs2010_p, cchs2011_2012_p, cchs2012_p, cchs2013_2014_p, cchs2014_p, cchs2009_s, cchs2010_s, cchs2012_s, cchs2001_i, cchs2003_i, cchs2005_i, cchs2007_2008_i, cchs2009_2010_i, cchs2011_2012_i, cchs2013_2014_i","cchs2001_p::SMKADSTY, cchs2003_p::SMKCDSTY, cchs2005_p::SMKEDSTY, cchs2001_i::SMKADSTY, cchs2003_i::SMKCDSTY, cchs2005_i::SMKEDSTY, [SMKDSTY]","2015 onwards for smoke status still has 6 categories, but removed 'always occasional' (Never daily current occasional smoker) and added 'experimental' (at least 1 cig, non-smoker now)"
SMKDSTY_cat5,Smoking status,"Type of smoker: daily, occasional, former daily, former occasional, never",Health behaviour,Smoking,Categorical,N/A,Yes,"cchs2015_2016_p, cchs2017_2018, cchs2015_2016_i, cchs2017_2018_i","cchs2001_p::SMKADSTY, cchs2003_p::SMKCDSTY, cchs2005_p::SMKEDSTY, cchs2015_2016_p::SMKDVSTY, cchs2017_2018_p::SMKDVSTY, [SMKDSTY]","Re-categorization of SMKDSTY to be used for smoking imputation. SMKDSTY_cat5 is a 5 category variable for smoking status for cycles up to 2018. Prior to 2015, 'occasional' and 'always occasional' are combined to form the current 'occasional' category. 2015 onwards, 'former occasional' and 'experimental' are combined to form the current 'former occasional' category"
SMKG01C_A,agec1,Age smoked first cigarette,Health behaviour,Smoking,Categorical,Years,Yes,"cchs2001_p, cchs2003_p, cchs2009_s, cchs2010_s, cchs2012_s, cchs2001_i, cchs2009_s, cchs2010_s, cchs2012_s, cchs2003_i, cchs2005_i, cchs2007_2008_i, cchs2009_2010_i, cchs2011_2012_i, cchs2013_2014_i, cchs2015_2016_i, cchs2017_2018_i","cchs2001_p::SMKAG01C, cchs2003_p::SMKCG01C,  cchs2001_i::SMKAG01C, cchs2003_i::SMKC_01C, cchs2005_i::SMKE_01C, cchs2015_2016_i::SMK_035, cchs2017_2018_i::SMK_035, [SMK_01C]",
SMKG01C_cont,agec1,Age smoked first cigarette,Health behaviour,Smoking,Continuous,Years,Yes,"cchs2001_p, cchs2003_p, cchs2005_p, cchs2007_2008_p, cchs2009_2010_p, cchs2010_p, cchs2011_2012_p, cchs2012_p, cchs2013_2014_p, cchs2014_p, cchs2015_2016_p, cchs2017_2018_p, cchs2009_s, cchs2010_s, cchs2012_s, cchs2003_i, cchs2005_i, cchs2007_2008_i, cchs2009_2010_i, cchs2011_2012_i, cchs2013_2014_i","cchs2001_p::SMKAG01C, cchs2003_p::SMKCG01C, cchs2005_p::SMKEG01C, cchs2015_2016_p::SMKG035, cchs2017_2018_p::SMKG035, cchs2009_s::SMK_01C, cchs2010_s::SMK_01C, cchs2012_s::SMK_01C, cchs2003_i::SMKC_01c, cchs2005_i::SMKE_01C, [SMKG01C]",
SMKG09C,stpdy,Years since stopped smoking daily - former daily,Health behaviour,Smoking,Categorical,Years,Yes,"cchs2003_p, cchs2005_p, cchs2007_2008_p, cchs2009_2010_p, cchs2010_p, cchs2011_2012_p, cchs2012_p, cchs2013_2014_p, cchs2014_p, cchs2015_2016_p, cchs2017_2018_p, cchs2009_s, cchs2010_s, cchs2012_s, cchs2003_i, cchs2005_i, cchs2007_2008_i, cchs2009_2010_i, cchs2011_2012_i,  cchs2013_2014_i, cchs2015_2016_i, cchs2017_2018_i","cchs2003_p::SMKCG09C, cchs2005_p::SMKEG09C, cchs2015_2016_p::SMKG090, cchs2017_2018_p::SMKG090, cchs2009_s::SMK_09C, cchs2010_s::SMK_09C, cchs2012_s::SMK_09C, cchs2003_i::SMKC_09C, cchs2005_i::SMKE_09C, cchs2015_2016_i::SMK_090, cchs2017_2018_i::SMK_090, [SMKG09C]",
SMKG203_A,agecigd,Age started to smoke daily - daily smoker (G),Health behaviour,Smoking,Categorical,Years,Yes,"cchs2001_p, cchs2003_p, cchs2009_s, cchs2010_s, cchs2012_s, cchs2001_i, cchs2003_i, cchs2005_i, cchs2007_2008_i, cchs2009_2010_i, cchs2011_2012_i, cchs2013_2014_i ","cchs2001_p::SMKAG203, cchs2003_p::SMKCG203, cchs2001_i::SMKAG203, cchs2003_i::SMKC_203, cchs2005_i::SMKE_203, [SMK_203]",
SMKG203_cont,agecigd,Age started to smoke daily - daily smoker (G),Health behaviour,Smoking,Continuous,Years,Yes,"cchs2001_p, cchs2003_p, cchs2005_p, cchs2007_2008_p, cchs2009_2010_p, cchs2010_p, cchs2011_2012_p, cchs2012_p, cchs2013_2014_p, cchs2014_p, cchs2015_2016_p, cchs2017_2018_p, cchs2009_s, cchs2010_s, cchs2012_s, cchs2001_i,  cchs2003_i, cchs2005_i, cchs2007_2008_i, cchs2009_2010_i, cchs2011_2012_i, cchs2013_2014_i ","cchs2001_p::SMKAG203, cchs2003_p::SMKCG203, cchs2005_p::SMKEG203, cchs2009_s::SMK_203, cchs2010_s::SMK_203, cchs2012_s::SMK_203, cchs2001_i::SMKAG203, [SMKG203], DerivedVar::[SMK_005, SMKG040]",
SMKG207_A,agecigfd,Age started to smoke daily - former daily smoker,Health behaviour,Smoking,Categorical,Years,Yes,"cchs2001_p, cchs2003_p, cchs2009_s, cchs2010_s, cchs2012_s,  cchs2001_i, cchs2003_i, cchs2005_i, cchs2007_2008_i, cchs2009_2010_i, cchs2011_2012_i, cchs2013_2014_i","cchs2001_p::SMKAG207, cchs2003_p::SMKCG207, cchs2001_i::SMKAG207, cchs2003_i::SMKC_207, cchs2005_i::SMKE_207, [SMK_207]",
SMKG207_cont,agecigfd,Age started to smoke daily - former daily smoker,Health behaviour,Smoking,Continuous,Years,Yes,"cchs2001_p, cchs2003_p, cchs2005_p, cchs2007_2008_p, cchs2009_2010_p, cchs2010_p, cchs2011_2012_p, cchs2012_p, cchs2013_2014_p, cchs2014_p, cchs2015_2016_p, cchs2017_2018_p, cchs2009_s, cchs2010_s, cchs2012_s, cchs2003_i, cchs2005_i, cchs2007_2008_i, cchs2009_2010_i, cchs2011_2012_i, cchs2013_2014_i ","cchs2001_p::SMKAG207, cchs2003_p::SMKCG207, cchs2005_p::SMKEG207, cchs2009_s::SMK_207, cchs2010_s::SMK_207, cchs2012_s::SMK_207, cchs2003_i::SMKC_207, cchs2005_i::SMKE_207, [SMKG207], DerivedVar::[SMK_030, SMKG040]",